id,empresa,año,confianza,E1,E2,E3,E4,E5,S1,S2,S3,S4,G1,ESRS2
E001_STLAM_2022,Stellantis,2022,alta,0.381,0.3,0.3793,0.1714,0.4483,0.5227,0.3333,0.12,0.3846,0.3429,0.2727
E001_STLAM_2023,Stellantis,2023,alta,0.381,0.3,0.4138,0.2,0.4828,0.5227,0.3333,0.12,0.3462,0.3714,0.2727
E001_STLAM_2024,Stellantis,2024,alta,0.6429,0.5,0.6207,0.3143,0.6207,0.8409,0.6333,0.52,0.5385,0.7143,0.5455
E002_MBG_2022,Mercedes-Benz Group,2022,alta,0.3333,0.2,0.1379,0.1429,0.2759,0.5227,0.4,0.12,0.3462,0.6,0.3636
E002_MBG_2023,Mercedes-Benz Group,2023,alta,0.4286,0.1667,0.2069,0.1429,0.4138,0.5455,0.3,0.12,0.3462,0.6,0.3939
E002_MBG_2024,Mercedes-Benz Group,2024,alta,0.7619,0.5,0.5172,0.5714,0.6207,0.6364,0.4667,0.44,0.3462,0.6571,0.5758
E003_CON_2022,Continental,2022,alta,0.4286,0.0333,0.069,0.2,0.3448,0.2727,0.2,0.12,0.1538,0.2571,0.1818
E003_CON_2023,Continental,2023,alta,0.381,0.1,0.1034,0.2286,0.3103,0.3636,0.2667,0.08,0.2692,0.4571,0.2727
E003_CON_2024,Continental,2024,alta,0.6429,0.4,0.2414,0.3714,0.5517,0.7045,0.3667,0.32,0.3846,0.5714,0.5758
E004_FR_2022,Valeo,2022,alta,0.5952,0.4667,0.5172,0.2571,0.5862,0.7273,0.4333,0.32,0.3077,0.5714,0.3636
E004_FR_2023,Valeo,2023,alta,0.5952,0.5333,0.5172,0.2571,0.5517,0.75,0.4333,0.28,0.3077,0.5714,0.4545
E004_FR_2024,Valeo,2024,alta,0.7143,0.5333,0.7586,0.5143,0.6897,0.8636,0.6667,0.36,0.4231,0.5714,0.6061
E005_CABK_2022,CaixaBank,2022,densidad,0.4524,0.1,0.069,0.0857,0.2069,0.5,0.2333,0.2,0.2692,0.3429,0.3939
E005_CABK_2023,CaixaBank,2023,media,0.0238,0.0333,0.0345,0.0857,0.0345,0.0455,0.0,0.0,0.0,0.1143,0.1818
E005_CABK_2024,CaixaBank,2024,alta,0.8571,0.1,0.1724,0.3143,0.3103,0.8182,0.4667,0.36,0.6538,0.6857,0.7273
E006_HSBA_2022,HSBC,2022,alta,0.7143,0.0667,0.1379,0.3714,0.1379,0.6591,0.3333,0.32,0.3846,0.4857,0.4545
E006_HSBA_2023,HSBC,2023,densidad,0.6905,0.0333,0.1724,0.3714,0.2069,0.3409,0.2333,0.12,0.1154,0.1714,0.4242
E006_HSBA_2024,HSBC,2024,alta,0.619,0.1,0.1034,0.3429,0.2069,0.6364,0.3667,0.32,0.3846,0.4286,0.4242
E007_SEB_2022,Skandinaviska Enskilda Banken,2022,alta,0.7619,0.0667,0.2069,0.1714,0.1724,0.3409,0.2667,0.12,0.1923,0.3429,0.4848
E007_SEB_2023,Skandinaviska Enskilda Banken,2023,densidad,0.7143,0.0667,0.3103,0.2286,0.3448,0.5682,0.2333,0.2,0.3077,0.4571,0.5455
E007_SEB_2024,Skandinaviska Enskilda Banken,2024,densidad,0.7857,0.0667,0.1034,0.2,0.3103,0.6364,0.3333,0.16,0.4231,0.4286,0.7273
E008_RBI_2022,Raiffeisen Bank International,2022,densidad,0.0238,0.0,0.0,0.0,0.0345,0.0455,0.0667,0.0,0.0769,0.0571,0.0909
E008_RBI_2023,Raiffeisen Bank International,2023,densidad_baja,0.1429,0.0,0.0,0.0286,0.0345,0.0682,0.0333,0.0,0.0385,0.0571,0.1212
E008_RBI_2024,Raiffeisen Bank International,2024,alta,0.619,0.1333,0.1034,0.1714,0.2069,0.5455,0.3333,0.2,0.4615,0.6286,0.6364
E009_UPM_2022,UPM-Kymmene,2022,densidad,0.5476,0.2667,0.4138,0.4,0.5862,0.5909,0.3667,0.32,0.2308,0.4286,0.303
E009_UPM_2023,UPM-Kymmene,2023,densidad,0.619,0.3667,0.5172,0.5429,0.5862,0.5455,0.4,0.4,0.3077,0.5143,0.4545
E009_UPM_2024,UPM-Kymmene,2024,densidad,0.8095,0.5667,0.8276,0.6,0.6897,0.75,0.5333,0.52,0.3462,0.5429,0.697
E010_BOL_2022,Boliden AB,2022,alta,0.381,0.0667,0.069,0.2,0.2759,0.3409,0.1333,0.2,0.1923,0.3429,0.1818
E010_BOL_2023,Boliden AB,2023,densidad,0.381,0.1333,0.1034,0.1429,0.3448,0.4318,0.1,0.28,0.1154,0.2,0.3636
E010_BOL_2024,Boliden AB,2024,densidad,0.7619,0.4333,0.6552,0.5143,0.5517,0.75,0.4667,0.4,0.4231,0.6571,0.697
E011_ACX_2022,Acerinox,2022,densidad,0.4524,0.2,0.4483,0.1143,0.3103,0.1818,0.0667,0.04,0.0385,0.0571,0.1818
E011_ACX_2023,Acerinox,2023,aceptado_sin_financieros,0.5238,0.2333,0.3793,0.0571,0.2759,0.5,0.1667,0.2,0.0769,0.2286,0.2727
E011_ACX_2024,Acerinox,2024,alta,0.7381,0.2,0.4138,0.2286,0.2759,0.25,0.1333,0.24,0.1154,0.3429,0.5758
E012_VOE_2022,Voestalpine,2022,densidad,0.3095,0.0333,0.0345,0.0286,0.2414,0.0227,0.0333,0.0,0.0385,0.0286,0.1212
E012_VOE_2023,Voestalpine,2023,densidad,0.3571,0.0,0.0345,0.0,0.3793,0.0227,0.0667,0.0,0.0385,0.0857,0.1515
E012_VOE_2024,Voestalpine,2024,densidad,0.6667,0.4333,0.6207,0.3714,0.5517,0.6136,0.3667,0.28,0.1923,0.3714,0.6364
E013_1COV_2022,Covestro,2022,alta,0.5714,0.4333,0.4483,0.1429,0.6207,0.6136,0.4333,0.28,0.4615,0.5714,0.5152
E013_1COV_2023,Covestro,2023,alta,0.5476,0.4667,0.5517,0.1714,0.5517,0.6591,0.4667,0.28,0.4615,0.5143,0.5758
E013_1COV_2024,Covestro,2024,alta,0.619,0.5333,0.5517,0.3714,0.5862,0.7273,0.5333,0.16,0.3462,0.4,0.5455
E014_SY1_2022,Symrise,2022,densidad,0.0238,0.0333,0.0345,0.0,0.0345,0.3182,0.0333,0.0,0.0385,0.0,0.0303
E014_SY1_2023,Symrise,2023,densidad,0.2857,0.0333,0.2069,0.1429,0.2414,0.2727,0.1667,0.12,0.1154,0.1143,0.3333
E014_SY1_2024,Symrise,2024,densidad,0.7619,0.2333,0.6897,0.6286,0.6207,0.8182,0.4,0.52,0.1923,0.4857,0.6061
E015_YAR_2022,Yara International,2022,alta,0.4286,0.1333,0.1724,0.2286,0.2414,0.2955,0.1333,0.12,0.1154,0.0571,0.3636
E015_YAR_2023,Yara International,2023,alta,0.8095,0.4,0.6552,0.5143,0.5517,0.8636,0.5333,0.44,0.4615,0.5714,0.6364
E015_YAR_2024,Yara International,2024,alta,0.8333,0.5333,0.6897,0.4857,0.5517,0.8409,0.6,0.48,0.4231,0.6,0.6667
E016_BBY_2022,Balfour Beatty,2022,alta,0.5714,0.0667,0.1379,0.1143,0.1724,0.5682,0.3333,0.2,0.1923,0.2571,0.3636
E016_BBY_2023,Balfour Beatty,2023,alta,0.619,0.1333,0.1724,0.1429,0.3793,0.4773,0.3,0.2,0.1538,0.2571,0.4545
E016_BBY_2024,Balfour Beatty,2024,alta,0.6667,0.1,0.0345,0.2,0.3793,0.4545,0.3667,0.2,0.1923,0.2857,0.3939
E017_SKA B_2022,Skanska,2022,densidad,0.7619,0.1,0.1724,0.1429,0.3103,0.5682,0.3333,0.24,0.1538,0.4286,0.4848
E017_SKA B_2023,Skanska,2023,densidad,0.6905,0.1,0.2414,0.2,0.3793,0.5,0.4,0.24,0.1154,0.3143,0.4848
E017_SKA B_2024,Skanska,2024,densidad,0.6667,0.0667,0.1724,0.2,0.4138,0.5,0.3333,0.24,0.2308,0.4571,0.5152
E018_DG_2022,Vinci,2022,media,0.1905,0.0667,0.1379,0.0286,0.2759,0.4091,0.1333,0.16,0.1154,0.2286,0.0909
E018_DG_2023,Vinci,2023,alta,0.4524,0.1333,0.2069,0.2857,0.3448,0.5227,0.1667,0.16,0.0769,0.4857,0.2727
E018_DG_2024,Vinci,2024,media,0.0476,0.0667,0.0345,0.0,0.069,0.0909,0.0333,0.0,0.0,0.0,0.0303
E019_EN_2022,Bouygues,2022,densidad,0.5476,0.2333,0.3448,0.3429,0.5517,0.5455,0.1,0.04,0.1923,0.4,0.2121
E019_EN_2023,Bouygues,2023,alta,0.619,0.3,0.3448,0.4571,0.6207,0.7955,0.3667,0.24,0.3846,0.4857,0.4545
E019_EN_2024,Bouygues,2024,alta,0.881,0.6,0.4138,0.8,0.7241,0.8864,0.5333,0.52,0.5,0.6286,0.6667
E020_EFGI_2022,Eiffage,2022,densidad,0.5714,0.1333,0.4138,0.5714,0.5172,0.25,0.1,0.16,0.1154,0.1429,0.1818
E020_EFGI_2023,Eiffage,2023,alta,0.4762,0.2333,0.3793,0.2286,0.4483,0.6136,0.2667,0.16,0.2308,0.6286,0.3939
E020_EFGI_2024,Eiffage,2024,densidad,0.7619,0.2,0.5172,0.4857,0.4138,0.4773,0.3333,0.24,0.2308,0.3714,0.4848
E021_BRNW_2022,Brunello Cucinelli,2022,densidad_baja,0.1905,0.0,0.0345,0.1143,0.0,0.0909,0.0,0.04,0.0385,0.0,0.0909
E021_BRNW_2023,Brunello Cucinelli,2023,densidad_baja,0.2143,0.0,0.0,0.1143,0.0,0.0455,0.0,0.08,0.0,0.0,0.0606
E021_BRNW_2024,Brunello Cucinelli,2024,densidad,0.5952,0.3,0.4483,0.3429,0.4483,0.5682,0.3333,0.2,0.3462,0.4286,0.4848
E022_BOSS_2022,Hugo Boss,2022,densidad,0.3095,0.1,0.069,0.0857,0.2069,0.4545,0.2333,0.12,0.2308,0.4,0.3333
E022_BOSS_2023,Hugo Boss,2023,alta,0.3333,0.1,0.1034,0.1429,0.2759,0.4545,0.3333,0.12,0.2692,0.4286,0.4242
E022_BOSS_2024,Hugo Boss,2024,alta,0.5952,0.4333,0.3793,0.4286,0.6207,0.75,0.4667,0.28,0.4231,0.5143,0.697
E023_CFR_2022,Richemont,2022,densidad_baja,0.2381,0.0,0.0345,0.0857,0.1724,0.2045,0.1333,0.16,0.0385,0.0286,0.2727
E023_CFR_2023,Richemont,2023,densidad_baja,0.2143,0.0,0.069,0.1429,0.1379,0.3182,0.1,0.16,0.1154,0.1429,0.2727
E023_CFR_2024,Richemont,2024,densidad_baja,0.0714,0.0,0.1379,0.2571,0.069,0.1364,0.1333,0.16,0.0,0.0286,0.1212
E024_KER_2022,Kering,2022,densidad,0.6905,0.1667,0.3103,0.6286,0.4483,0.7955,0.5,0.32,0.2308,0.5143,0.5758
E024_KER_2023,Kering,2023,densidad,0.3333,0.0667,0.2414,0.2286,0.2414,0.7727,0.5333,0.28,0.2692,0.5714,0.5455
E024_KER_2024,Kering,2024,densidad,0.6905,0.3,0.6897,0.7143,0.5862,0.7045,0.4333,0.32,0.2692,0.4,0.5758
E025_ADS_2022,Adidas,2022,densidad,0.4524,0.2,0.2759,0.2857,0.4138,0.5909,0.4333,0.2,0.1538,0.1429,0.4848
E025_ADS_2023,Adidas,2023,alta,0.5,0.1667,0.4138,0.2857,0.6207,0.6364,0.4667,0.24,0.1538,0.4,0.5152
E025_ADS_2024,Adidas,2024,alta,0.6429,0.4,0.6207,0.5429,0.7241,0.9318,0.6333,0.56,0.5769,0.6,0.6364
E026_REP_2022,Repsol,2022,alta,0.6429,0.2667,0.4828,0.2571,0.3448,0.6591,0.3,0.44,0.4231,0.4286,0.3939
E026_REP_2023,Repsol,2023,alta,0.6667,0.3,0.5862,0.3143,0.4483,0.6591,0.3333,0.48,0.3462,0.4571,0.5152
E026_REP_2024,Repsol,2024,alta,0.8333,0.5333,0.7241,0.6857,0.5862,0.7727,0.4667,0.48,0.5,0.6571,0.6061
E027_AKERBP_2022,Aker BP,2022,densidad,0.1429,0.0,0.069,0.0286,0.0345,0.25,0.1333,0.16,0.0385,0.2,0.2121
E027_AKERBP_2023,Aker BP,2023,densidad,0.7143,0.3667,0.3448,0.4857,0.5172,0.8636,0.6333,0.44,0.2308,0.5429,0.697
E027_AKERBP_2024,Aker BP,2024,densidad,0.6667,0.5,0.3103,0.4857,0.5862,0.75,0.4,0.28,0.1923,0.4571,0.5758
E028_NSN_2022,Neste,2022,alta,0.7143,0.3667,0.5517,0.5714,0.5172,0.7045,0.5667,0.36,0.2308,0.5143,0.6061
E028_NSN_2023,Neste,2023,alta,0.6905,0.4,0.5172,0.4571,0.5517,0.75,0.5667,0.4,0.2692,0.5143,0.5455
E028_NSN_2024,Neste,2024,alta,0.4524,0.1333,0.3103,0.3714,0.2414,0.4545,0.4,0.2,0.1154,0.2,0.1818
E029_TGS_2022,TGS,2022,densidad,0.381,0.2,0.1034,0.0857,0.1034,0.6591,0.3,0.2,0.1538,0.5143,0.4242
E029_TGS_2023,TGS,2023,densidad,0.4048,0.0667,0.1034,0.1714,0.2759,0.6818,0.3667,0.2,0.1154,0.5714,0.5152
E029_TGS_2024,TGS,2024,alta,0.7143,0.1,0.1034,0.2286,0.2759,0.7045,0.4667,0.32,0.2692,0.6286,0.5758
E030_VESTAS_2022,Vestas,2022,densidad,0.2857,0.0,0.0345,0.0286,0.069,0.2727,0.0333,0.0,0.1154,0.0571,0.2424
E030_VESTAS_2023,Vestas,2023,densidad,0.3095,0.0,0.0,0.0,0.1724,0.25,0.0667,0.12,0.0769,0.0286,0.2121
E030_VESTAS_2024,Vestas,2024,densidad,0.7619,0.2,0.5172,0.5143,0.5517,0.8182,0.7,0.64,0.1538,0.6286,0.7273
E031_LSEG_2022,London Stock Exchange Group,2022,alta,0.4286,0.0333,0.0345,0.0286,0.0345,0.2273,0.1,0.12,0.2308,0.3429,0.3636
E031_LSEG_2023,London Stock Exchange Group,2023,densidad,0.6667,0.0333,0.0,0.0286,0.0,0.4773,0.1333,0.08,0.1154,0.3429,0.4545
E031_LSEG_2024,London Stock Exchange Group,2024,densidad,0.7143,0.0333,0.0345,0.0571,0.0,0.4318,0.1667,0.12,0.0385,0.3429,0.4242
E032_ALLFG_2022,Allfunds Group,2022,densidad,0.2143,0.0333,0.069,0.0,0.069,0.5455,0.2333,0.24,0.2308,0.4857,0.303
E032_ALLFG_2023,Allfunds Group,2023,densidad,0.3333,0.0333,0.069,0.0,0.1034,0.4773,0.1667,0.24,0.1538,0.3714,0.2424
E032_ALLFG_2024,Allfunds Group,2024,alta,0.619,0.0333,0.069,0.0857,0.2414,0.4773,0.2333,0.16,0.2692,0.5429,0.5758
E033_WEND_2022,Wendel,2022,densidad,0.6905,0.2,0.2759,0.2286,0.5862,0.7955,0.5333,0.16,0.4231,0.6,0.4848
E033_WEND_2023,Wendel,2023,densidad,0.5476,0.1333,0.2759,0.1143,0.4138,0.75,0.4,0.12,0.3462,0.5714,0.5152
E033_WEND_2024,Wendel,2024,densidad,0.5952,0.3667,0.2069,0.1714,0.3103,0.4773,0.4,0.16,0.2308,0.4571,0.5758
E034_III_2022,3i,2022,alta,0.5,0.0333,0.0345,0.0,0.0345,0.4773,0.1333,0.2,0.1923,0.3714,0.2727
E034_III_2023,3i,2023,alta,0.6429,0.1,0.0345,0.0571,0.3448,0.4773,0.3,0.16,0.2692,0.3143,0.3636
E034_III_2024,3i,2024,alta,0.619,0.0333,0.069,0.0571,0.1724,0.6364,0.3333,0.2,0.1923,0.3143,0.3636
E035_EXO_2022,Exor,2022,alta,0.5714,0.0333,0.1379,0.1143,0.2759,0.5227,0.2,0.24,0.1923,0.5143,0.6061
E035_EXO_2023,Exor,2023,alta,0.4762,0.1,0.1379,0.1714,0.3103,0.5,0.2,0.24,0.1154,0.4571,0.4242
E035_EXO_2024,Exor,2024,alta,0.7381,0.3333,0.2414,0.2571,0.5862,0.6136,0.3333,0.16,0.3846,0.4571,0.6364
E036_GLB_2022,Glanbia,2022,alta,0.4048,0.0333,0.069,0.1143,0.2069,0.4318,0.1333,0.08,0.1154,0.3714,0.4545
E036_GLB_2023,Glanbia,2023,alta,0.4048,0.0333,0.069,0.0857,0.2069,0.3409,0.1,0.08,0.1154,0.4857,0.3939
E036_GLB_2024,Glanbia,2024,alta,0.4286,0.0667,0.1034,0.1429,0.3103,0.3182,0.0667,0.08,0.0769,0.4571,0.4848
E037_PERP_2022,Pernod Ricard,2022,media,0.619,0.2333,0.4828,0.3143,0.5172,0.7955,0.2667,0.2,0.3846,0.5429,0.3636
E037_PERP_2023,Pernod Ricard,2023,alta,0.7381,0.2333,0.6897,0.3714,0.5517,0.7955,0.3,0.24,0.4231,0.5714,0.4545
E037_PERP_2024,Pernod Ricard,2024,alta,0.7619,0.2667,0.7586,0.3714,0.5862,0.8409,0.4333,0.32,0.4231,0.5714,0.4848
E038_CPR_2022,Davide Campari-Milano,2022,densidad,0.4048,0.0333,0.4828,0.0857,0.2759,0.1136,0.1667,0.08,0.1154,0.2286,0.1212
E038_CPR_2023,Davide Campari-Milano,2023,densidad,0.4762,0.0667,0.5517,0.1714,0.3448,0.3409,0.2,0.12,0.1154,0.2286,0.2727
E038_CPR_2024,Davide Campari-Milano,2024,alta,0.6905,0.2,0.7241,0.4571,0.6207,0.8409,0.6333,0.48,0.6154,0.7714,0.7273
E039_NOVO B_2022,Novo Nordisk,2022,densidad,0.3571,0.0333,0.069,0.0286,0.3103,0.2727,0.1667,0.16,0.1538,0.2571,0.3636
E039_NOVO B_2023,Novo Nordisk,2023,densidad,0.2143,0.0667,0.1034,0.0571,0.2759,0.2727,0.1333,0.04,0.1154,0.2,0.3939
E039_NOVO B_2024,Novo Nordisk,2024,densidad,0.5952,0.3,0.5517,0.3714,0.6207,0.3409,0.2333,0.2,0.2308,0.5143,0.5455
E040_CTEC_2022,ConvaTec,2022,densidad,0.7619,0.0333,0.3103,0.0,0.3793,0.4318,0.2,0.12,0.0769,0.2286,0.3636
E040_CTEC_2023,ConvaTec,2023,densidad,0.7857,0.0667,0.4138,0.0857,0.5172,0.6136,0.3667,0.2,0.3846,0.3429,0.3939
E040_CTEC_2024,ConvaTec,2024,densidad,0.7619,0.0667,0.3448,0.1143,0.4483,0.6136,0.3,0.24,0.5385,0.4857,0.4848
E041_ALC_2022,Alcon,2022,densidad,0.0,0.0,0.0345,0.0,0.0,0.0227,0.0,0.0,0.0,0.0286,0.0
E041_ALC_2023,Alcon,2023,media,0.0476,0.0,0.1034,0.0286,0.1034,0.0455,0.0,0.0,0.0385,0.0,0.0303
E041_ALC_2024,Alcon,2024,densidad_baja,0.0,0.0,0.0345,0.0,0.0,0.0909,0.0,0.04,0.0,0.0571,0.0
E042_QIA_2022,Qiagen,2022,alta,0.5238,0.1,0.2414,0.1143,0.4483,0.6364,0.3,0.16,0.3846,0.5714,0.4242
E042_QIA_2023,Qiagen,2023,alta,0.5714,0.1333,0.3448,0.1143,0.5517,0.6591,0.4,0.2,0.3462,0.5143,0.4848
E042_QIA_2024,Qiagen,2024,alta,0.6905,0.1667,0.3103,0.2,0.7241,0.7045,0.6333,0.2,0.3462,0.5143,0.6061
E043_LONN_2022,Lonza Group,2022,densidad,0.1429,0.0,0.1034,0.0,0.069,0.3182,0.0333,0.0,0.0385,0.1429,0.2121
E043_LONN_2023,Lonza Group,2023,densidad_baja,0.2619,0.0,0.1379,0.0,0.069,0.2045,0.2,0.0,0.0385,0.0571,0.0606
E043_LONN_2024,Lonza Group,2024,densidad_baja,0.2857,0.0,0.1034,0.0,0.0,0.1136,0.0667,0.0,0.0769,0.0571,0.1515
E044_LDO_2022,Leonardo,2022,densidad,0.2619,0.2,0.2069,0.1429,0.2414,0.5682,0.1667,0.08,0.2692,0.4286,0.3636
E044_LDO_2023,Leonardo,2023,densidad,0.2619,0.1333,0.2414,0.1143,0.2759,0.4773,0.1,0.12,0.1923,0.3429,0.2424
E044_LDO_2024,Leonardo,2024,alta,0.119,0.0333,0.069,0.0571,0.069,0.1364,0.0333,0.04,0.0769,0.0286,0.303
E045_BOL_2022,Bolloré,2022,densidad_baja,0.0238,0.0,0.0,0.0,0.0,0.0682,0.0667,0.08,0.0,0.1429,0.0909
E045_BOL_2023,Bolloré,2023,densidad,0.5952,0.2667,0.2759,0.3143,0.5517,0.7955,0.3,0.24,0.1923,0.3714,0.303
E045_BOL_2024,Bolloré,2024,densidad,0.6667,0.4,0.1379,0.1714,0.6207,0.8864,0.3667,0.28,0.2308,0.4857,0.6061
E046_SGSN_2022,SGS S.A.,2022,densidad,0.6905,0.0667,0.2414,0.0571,0.1034,0.7273,0.4333,0.36,0.3077,0.4571,0.4242
E046_SGSN_2023,SGS S.A.,2023,densidad,0.6429,0.0333,0.2069,0.0857,0.1379,0.7273,0.4333,0.28,0.3462,0.4,0.4545
E046_SGSN_2024,SGS S.A.,2024,densidad,0.5952,0.0333,0.1379,0.0,0.1034,0.6136,0.3333,0.28,0.3462,0.3143,0.5758
E047_SAF_2022,Safran,2022,densidad,0.6667,0.2,0.1379,0.0857,0.2759,0.6136,0.1667,0.16,0.1923,0.3143,0.2424
E047_SAF_2023,Safran,2023,densidad,0.6429,0.1333,0.1724,0.1143,0.2069,0.7045,0.1667,0.2,0.1923,0.3143,0.303
E047_SAF_2024,Safran,2024,densidad,0.7619,0.3333,0.2069,0.2571,0.5862,0.75,0.4,0.2,0.3462,0.4,0.4848
E048_CS_2022,AXA,2022,alta,0.6667,0.1,0.2069,0.5429,0.3103,0.7727,0.3333,0.24,0.4231,0.4571,0.5455
E048_CS_2023,AXA,2023,alta,0.7381,0.1333,0.1724,0.5714,0.3448,0.8636,0.3333,0.24,0.5385,0.4857,0.6061
E048_CS_2024,AXA,2024,alta,0.8571,0.2333,0.2759,0.6,0.3793,0.8409,0.4667,0.4,0.5769,0.4857,0.697
E049_TLX_2022,Talanx,2022,densidad,0.4524,0.0,0.1034,0.0286,0.069,0.1591,0.0667,0.12,0.1154,0.1714,0.4848
E049_TLX_2023,Talanx,2023,densidad,0.4286,0.0667,0.1034,0.1143,0.2069,0.3409,0.3,0.12,0.3077,0.3143,0.4848
E049_TLX_2024,Talanx,2024,alta,0.7143,0.1,0.1724,0.2286,0.3448,0.6818,0.3333,0.28,0.5,0.5143,0.6667
E050_AV_2022,Aviva,2022,densidad,0.5238,0.0333,0.0345,0.2286,0.069,0.4318,0.2333,0.12,0.1538,0.3429,0.303
E050_AV_2023,Aviva,2023,densidad,0.5714,0.0333,0.0345,0.2571,0.069,0.4318,0.2667,0.16,0.1923,0.3714,0.3939
E050_AV_2024,Aviva,2024,alta,0.5238,0.0333,0.0345,0.2,0.1379,0.2955,0.2667,0.12,0.1154,0.3143,0.3636
E051_TRYG_2022,Tryg,2022,densidad,0.1905,0.0,0.0345,0.0286,0.1379,0.1136,0.0667,0.0,0.0385,0.0,0.1515
E051_TRYG_2023,Tryg,2023,densidad,0.5476,0.0333,0.069,0.0857,0.3793,0.5909,0.2333,0.2,0.3077,0.4857,0.5152
E051_TRYG_2024,Tryg,2024,densidad,0.619,0.1,0.1379,0.0857,0.6207,0.6136,0.2,0.12,0.1538,0.4571,0.6364
E052_ZURN_2022,Zurich Insurance Group,2022,alta,0.7857,0.0667,0.1724,0.2857,0.1379,0.4773,0.2667,0.24,0.4231,0.4857,0.4848
E052_ZURN_2023,Zurich Insurance Group,2023,alta,0.7857,0.1333,0.1379,0.3143,0.2414,0.6818,0.3,0.32,0.4231,0.4,0.6061
E052_ZURN_2024,Zurich Insurance Group,2024,alta,0.8095,0.1667,0.1724,0.2,0.3448,0.7273,0.3667,0.4,0.5385,0.3714,0.5758
E053_VPLAY B_2022,Viaplay,2022,densidad,0.5,0.1,0.069,0.0857,0.2069,0.6364,0.2667,0.12,0.3846,0.4857,0.3939
E053_VPLAY B_2023,Viaplay,2023,alta,0.6667,0.1,0.069,0.0857,0.2069,0.6818,0.2667,0.16,0.3077,0.5143,0.6061
E053_VPLAY B_2024,Viaplay,2024,alta,0.619,0.0667,0.069,0.0857,0.1724,0.7955,0.4,0.12,0.4231,0.4,0.5758
E054_ONT_2022,Ontex,2022,densidad,0.6667,0.2333,0.2759,0.1429,0.3793,0.5227,0.2333,0.16,0.1154,0.3143,0.2121
E054_ONT_2023,Ontex,2023,alta,0.7857,0.3333,0.3448,0.2857,0.5862,0.6591,0.6333,0.24,0.2692,0.5429,0.6061
E054_ONT_2024,Ontex,2024,alta,0.6905,0.2,0.2414,0.1143,0.6552,0.7727,0.7,0.28,0.5769,0.5714,0.6364
E055_ULVR_2022,Unilever,2022,alta,0.4524,0.1333,0.2069,0.1714,0.3793,0.5227,0.1667,0.2,0.1923,0.5429,0.3636
E055_ULVR_2023,Unilever,2023,media,0.2619,0.0667,0.1724,0.1429,0.2759,0.1591,0.0667,0.12,0.0385,0.1429,0.1212
E055_ULVR_2024,Unilever,2024,alta,0.4286,0.1,0.1034,0.2,0.3793,0.2955,0.1,0.16,0.2308,0.2857,0.3636
E056_DIA_2023,Dia,2023,densidad,0.3333,0.0333,0.1379,0.1143,0.4138,0.3409,0.1667,0.16,0.1154,0.4286,0.2727
E056_DIA_2024,Dia,2024,densidad_baja,0.0238,0.1,0.0345,0.0,0.0345,0.3182,0.0,0.0,0.0,0.0571,0.0606
E057_COLR_2022,Colruyt,2022,densidad,0.4048,0.1,0.3448,0.2286,0.4483,0.3864,0.2667,0.12,0.0769,0.0857,0.1515
E057_COLR_2023,Colruyt,2023,densidad,0.4286,0.1,0.3103,0.2571,0.4138,0.4091,0.2,0.16,0.0769,0.0857,0.1818
E057_COLR_2024,Colruyt,2024,densidad,0.619,0.1,0.4138,0.2857,0.4138,0.5227,0.2333,0.2,0.1154,0.2286,0.3636
E058_SGRO_2022,Segro,2022,densidad,0.5476,0.0,0.0345,0.0571,0.1724,0.2273,0.1333,0.12,0.0385,0.3143,0.3333
E058_SGRO_2023,Segro,2023,densidad,0.5714,0.0,0.0345,0.0571,0.1724,0.2045,0.1667,0.08,0.0385,0.2,0.3636
E058_SGRO_2024,Segro,2024,densidad,0.619,0.0,0.069,0.0571,0.1034,0.3409,0.2,0.08,0.0769,0.2571,0.3939
E059_MRL_2022,Merlin Properties,2022,densidad,0.4762,0.1,0.1379,0.1143,0.2759,0.1591,0.1,0.0,0.1154,0.0857,0.2121
E059_MRL_2023,Merlin Properties,2023,densidad,0.381,0.1,0.1034,0.1143,0.3793,0.1591,0.1,0.0,0.1154,0.0857,0.1818
E059_MRL_2024,Merlin Properties,2024,densidad,0.381,0.1,0.1379,0.1143,0.3793,0.1591,0.1,0.0,0.1154,0.0857,0.1818
E060_GFC_2022,Gecina,2022,densidad,0.4524,0.0667,0.1724,0.1429,0.3103,0.5,0.1,0.12,0.1154,0.1429,0.303
E060_GFC_2023,Gecina,2023,alta,0.4524,0.0,0.2069,0.0571,0.1724,0.2727,0.1,0.04,0.1538,0.3714,0.2727
E060_GFC_2024,Gecina,2024,densidad,0.5238,0.1,0.2414,0.1714,0.4138,0.3409,0.1,0.0,0.1538,0.1143,0.2727
E061_CAST_2022,Castellum,2022,densidad,0.5952,0.0333,0.4483,0.2,0.3793,0.5909,0.2667,0.2,0.0769,0.3143,0.4848
E061_CAST_2023,Castellum,2023,densidad,0.6667,0.1,0.4138,0.2286,0.3793,0.5909,0.2333,0.2,0.1154,0.3143,0.5758
E061_CAST_2024,Castellum,2024,densidad,0.6667,0.1,0.4138,0.2571,0.4828,0.6818,0.3,0.28,0.3846,0.4,0.6061
E062_DHER_2022,Delivery Hero,2022,densidad,0.0238,0.0,0.0345,0.0,0.0345,0.0227,0.0,0.0,0.0,0.0,0.0303
E062_DHER_2023,Delivery Hero,2023,densidad,0.3333,0.0333,0.069,0.0286,0.2759,0.5909,0.2,0.08,0.3462,0.4857,0.4242
E062_DHER_2024,Delivery Hero,2024,densidad,0.4762,0.2333,0.069,0.0286,0.3793,0.6591,0.3,0.16,0.3846,0.4571,0.6667
E063_TPK_2022,Travis Perkins,2022,densidad,0.3095,0.0333,0.069,0.0571,0.3103,0.2955,0.1667,0.08,0.1538,0.1143,0.2727
E063_TPK_2023,Travis Perkins,2023,densidad,0.381,0.0333,0.069,0.0571,0.1724,0.3636,0.2,0.08,0.1538,0.2,0.2424
E063_TPK_2024,Travis Perkins,2024,densidad,0.6429,0.0333,0.1034,0.0857,0.3103,0.2045,0.1333,0.08,0.0769,0.0286,0.3333
E064_HMB_2022,H&M,2022,alta,0.3333,0.1667,0.3448,0.2286,0.3448,0.4318,0.4333,0.44,0.1538,0.2571,0.3636
E064_HMB_2023,H&M,2023,densidad,0.619,0.2,0.3103,0.1714,0.3793,0.4545,0.3333,0.4,0.2692,0.3714,0.5455
E064_HMB_2024,H&M,2024,alta,0.7143,0.2667,0.6552,0.3143,0.5862,0.7273,0.4667,0.4,0.4231,0.3714,0.6364
E065_MKS_2022,Marks & Spencer,2022,densidad,0.5714,0.0,0.0,0.0571,0.2069,0.1818,0.0667,0.08,0.0769,0.1143,0.2121
E065_MKS_2023,Marks & Spencer,2023,densidad,0.5952,0.0,0.0345,0.0857,0.2414,0.2273,0.1667,0.16,0.2308,0.2571,0.3333
E065_MKS_2024,Marks & Spencer,2024,densidad,0.5952,0.0333,0.0345,0.1143,0.3448,0.1364,0.1667,0.16,0.2692,0.2857,0.303
E066_JD_2022,JD Sports,2022,densidad,0.4524,0.0667,0.2069,0.0857,0.4828,0.2273,0.2667,0.04,0.1154,0.0571,0.2121
E066_JD_2023,JD Sports,2023,densidad,0.5476,0.1333,0.1379,0.1429,0.6207,0.3409,0.3,0.12,0.1154,0.0857,0.3636
E066_JD_2024,JD Sports,2024,densidad,0.5714,0.1,0.2414,0.2,0.4828,0.2955,0.2,0.12,0.1154,0.0571,0.2424
E067_MELE_2022,Melexis,2022,alta,0.3333,0.2333,0.2414,0.0857,0.3103,0.6136,0.2667,0.2,0.3462,0.4286,0.1818
E067_MELE_2023,Melexis,2023,alta,0.4286,0.2333,0.1379,0.0857,0.3103,0.5909,0.4,0.16,0.4231,0.4286,0.3939
E067_MELE_2024,Melexis,2024,alta,0.6667,0.4667,0.2414,0.1714,0.5862,0.7045,0.7,0.28,0.4231,0.5429,0.5455
E068_SGE_2022,Sage Group,2022,alta,0.5952,0.0333,0.1034,0.0571,0.2069,0.5,0.2,0.24,0.3077,0.4571,0.4242
E068_SGE_2023,Sage Group,2023,alta,0.5714,0.1,0.069,0.0857,0.2069,0.5,0.2333,0.24,0.2692,0.3714,0.5152
E068_SGE_2024,Sage Group,2024,media,0.1667,0.0333,0.0345,0.0286,0.0345,0.25,0.0667,0.12,0.1923,0.1714,0.303
E069_STMPA_2022,STMicroelectronics,2022,densidad,0.381,0.1333,0.5517,0.1429,0.3103,0.4545,0.2333,0.12,0.1538,0.4571,0.3939
E069_STMPA_2023,STMicroelectronics,2023,alta,0.0476,0.0667,0.0345,0.0286,0.0345,0.2727,0.0,0.0,0.0769,0.2571,0.2424
E069_STMPA_2024,STMicroelectronics,2024,alta,0.5952,0.5333,0.7586,0.1429,0.5862,0.7727,0.6667,0.28,0.2692,0.6,0.6364
E070_VOD_2022,Vodafone Group,2022,alta,0.5238,0.0667,0.069,0.1714,0.4138,0.6818,0.4333,0.2,0.3846,0.4286,0.4242
E070_VOD_2023,Vodafone Group,2023,densidad,0.4762,0.0333,0.0345,0.0286,0.4138,0.25,0.0667,0.0,0.1154,0.0286,0.1818
E070_VOD_2024,Vodafone Group,2024,densidad,0.5,0.0,0.0345,0.1429,0.5172,0.2727,0.0667,0.2,0.1923,0.1143,0.3939
E071_SCMN_2022,Swisscom,2022,densidad,0.2381,0.0,0.0345,0.0,0.0,0.0909,0.1333,0.0,0.0769,0.0286,0.1515
E071_SCMN_2023,Swisscom,2023,alta,0.4524,0.1,0.0,0.0,0.2414,0.4318,0.3667,0.12,0.1923,0.3714,0.3636
E071_SCMN_2024,Swisscom,2024,alta,0.5714,0.1,0.1034,0.0571,0.2759,0.4318,0.3667,0.12,0.3462,0.3714,0.5152
E072_FNTN_2022,Freenet,2022,alta,0.3333,0.1,0.069,0.1429,0.3793,0.4545,0.2333,0.08,0.3846,0.4,0.2121
E072_FNTN_2023,Freenet,2023,alta,0.3333,0.1,0.069,0.1143,0.3103,0.4773,0.2,0.12,0.3462,0.3714,0.2727
E072_FNTN_2024,Freenet,2024,alta,0.6667,0.1333,0.1724,0.2286,0.4483,0.6818,0.4333,0.24,0.2692,0.4571,0.5152
E073_ORAN_2022,Orange S.A.,2022,densidad,0.3333,0.0667,0.2069,0.2,0.3793,0.1591,0.1333,0.08,0.0385,0.1143,0.2121
E073_ORAN_2023,Orange S.A.,2023,alta,0.6429,0.2,0.2414,0.4286,0.5517,0.7273,0.5333,0.36,0.5,0.7714,0.5455
E073_ORAN_2024,Orange S.A.,2024,densidad,0.6667,0.1667,0.2759,0.3143,0.4828,0.7727,0.4667,0.36,0.3077,0.4857,0.6061
E074_TIT_2022,Telecom Italia,2022,densidad,0.0,0.0,0.0,0.0,0.0,0.1364,0.0333,0.08,0.0385,0.0,0.0909
E074_TIT_2023,Telecom Italia,2023,densidad_baja,0.0,0.0,0.0,0.0,0.0,0.1364,0.0333,0.08,0.0385,0.0,0.1515
E074_TIT_2024,Telecom Italia,2024,alta,0.7857,0.2,0.2414,0.2286,0.4828,0.8636,0.4,0.36,0.5385,0.7143,0.6061
E075_CPG_2022,Compass Group,2022,densidad,0.6667,0.0,0.0345,0.1143,0.2759,0.2727,0.2,0.2,0.0385,0.1143,0.3333
E075_CPG_2023,Compass Group,2023,densidad,0.6667,0.0333,0.1034,0.0571,0.3448,0.5227,0.2,0.24,0.0769,0.2857,0.3636
E075_CPG_2024,Compass Group,2024,densidad,0.7143,0.0667,0.069,0.1429,0.2759,0.4318,0.2333,0.24,0.1154,0.2571,0.3636
E076_FLTR_2022,Flutter Entertainment,2022,densidad,0.381,0.0,0.0345,0.0,0.069,0.1136,0.0333,0.0,0.0,0.0571,0.3636
E076_FLTR_2023,Flutter Entertainment,2023,alta,0.5476,0.0333,0.0345,0.0,0.069,0.4091,0.2333,0.16,0.1923,0.4,0.5455
E076_FLTR_2024,Flutter Entertainment,2024,densidad_baja,0.1429,0.0,0.0345,0.0,0.0,0.0909,0.0,0.0,0.0,0.0286,0.1212
E077_AENA_2022,Aena,2022,aceptado_sin_financieros,0.6905,0.5,0.5862,0.3714,0.4828,0.8409,0.4667,0.4,0.5385,0.7143,0.5455
E077_AENA_2023,Aena,2023,aceptado_sin_financieros,0.619,0.4667,0.3448,0.2,0.3448,0.3864,0.2333,0.24,0.1923,0.4571,0.3939
E077_AENA_2024,Aena,2024,aceptado_sin_financieros,0.7381,0.5667,0.6897,0.5143,0.4138,0.8864,0.4333,0.32,0.4615,0.7143,0.6667
E078_AF_2022,Air France-KLM,2022,densidad,0.2381,0.1667,0.069,0.0857,0.1034,0.4091,0.1333,0.12,0.2692,0.2571,0.2424
E078_AF_2023,Air France-KLM,2023,alta,0.3571,0.0,0.069,0.0286,0.1034,0.2955,0.0667,0.0,0.0769,0.2571,0.1212
E078_AF_2024,Air France-KLM,2024,alta,0.381,0.0333,0.069,0.0286,0.069,0.2727,0.0667,0.08,0.0769,0.2857,0.1515
E079_ENEL_2022,Enel,2022,densidad,0.381,0.0333,0.1724,0.1714,0.1724,0.3182,0.1333,0.12,0.3462,0.2,0.3333
E079_ENEL_2023,Enel,2023,densidad,0.3333,0.0,0.1379,0.2,0.2069,0.4318,0.2,0.16,0.0769,0.1429,0.2121
E079_ENEL_2024,Enel,2024,alta,0.619,0.3667,0.6897,0.5714,0.5517,0.8409,0.5,0.48,0.3462,0.6,0.5455
E080_ANE_2022,Acciona Energía,2022,aceptado_sin_financieros,0.119,0.0,0.0345,0.1429,0.1034,0.2045,0.0333,0.08,0.0385,0.4286,0.3636
E080_ANE_2023,Acciona Energía,2023,aceptado_sin_financieros,0.7381,0.3667,0.5172,0.5429,0.5517,0.8182,0.5,0.44,0.3846,0.4,0.6061
E080_ANE_2024,Acciona Energía,2024,aceptado_sin_financieros,0.3571,0.0,0.2414,0.0857,0.1724,0.25,0.0333,0.0,0.0,0.0857,0.4242
E081_ENGIE_2022,Engie,2022,densidad_baja,0.0238,0.0,0.0345,0.0,0.0,0.0909,0.0,0.0,0.0385,0.0286,0.0
E081_ENGIE_2023,Engie,2023,densidad_baja,0.0476,0.0333,0.0345,0.0,0.0,0.1818,0.0,0.0,0.0,0.0286,0.0303
E081_ENGIE_2024,Engie,2024,densidad_baja,0.0952,0.0333,0.0345,0.0,0.0345,0.2045,0.0,0.0,0.0,0.0286,0.0303
E082_SSE_2022,SSE,2022,alta,0.3333,0.0333,0.069,0.0286,0.069,0.5,0.0667,0.0,0.0769,0.3143,0.2424
E082_SSE_2023,SSE,2023,alta,0.1905,0.0,0.069,0.1429,0.069,0.4091,0.0333,0.12,0.0385,0.3429,0.1818
E082_SSE_2024,SSE,2024,densidad,0.7381,0.1667,0.2069,0.1429,0.3103,0.5227,0.1333,0.24,0.1538,0.3429,0.3939
E083_ENG_2022,Enagás,2022,alta,0.5238,0.3667,0.3103,0.5429,0.3448,0.8409,0.4,0.4,0.3846,0.5143,0.4545
E083_ENG_2023,Enagás,2023,alta,0.5714,0.4667,0.5862,0.6571,0.3793,0.8864,0.5,0.4,0.3846,0.6857,0.6061
E083_ENG_2024,Enagás,2024,alta,0.7619,0.5333,0.5862,0.7143,0.4138,0.8864,0.4333,0.44,0.5385,0.7429,0.5758
E084_WKL_2022,Wolters Kluwer,2022,densidad,0.4762,0.0,0.1379,0.0571,0.1034,0.6136,0.2333,0.16,0.3462,0.3429,0.4848
E084_WKL_2023,Wolters Kluwer,2023,densidad,0.6429,0.1,0.1724,0.1714,0.2069,0.7045,0.4,0.16,0.3846,0.4286,0.4848
E084_WKL_2024,Wolters Kluwer,2024,densidad,0.7143,0.1333,0.1724,0.1714,0.3103,0.7045,0.4333,0.24,0.4615,0.4286,0.5758
E085_STER_2022,Stora Enso,2022,densidad,0.5476,0.2667,0.6207,0.4,0.4828,0.75,0.3667,0.56,0.2692,0.6286,0.5455
E085_STER_2023,Stora Enso,2023,densidad,0.7381,0.3333,0.6552,0.4571,0.4828,0.7955,0.4,0.56,0.1538,0.6571,0.5152
E085_STER_2024,Stora Enso,2024,alta,0.7619,0.4333,0.6897,0.5429,0.6552,0.7273,0.5667,0.6,0.1923,0.6,0.5152
E086_TUI_2022,TUI Group,2022,densidad,0.3095,0.0667,0.2069,0.0857,0.3448,0.3409,0.1667,0.24,0.0769,0.2857,0.2727
E086_TUI_2023,TUI Group,2023,densidad,0.619,0.0333,0.2069,0.0286,0.1034,0.0909,0.0333,0.04,0.0769,0.0571,0.2121
E086_TUI_2024,TUI Group,2024,alta,0.6429,0.1,0.2414,0.1714,0.3793,0.4545,0.2,0.2,0.0769,0.3143,0.3636
E087_ORK_2022,Orkla ASA,2022,densidad,0.4048,0.0667,0.4138,0.2857,0.3448,0.4318,0.3,0.2,0.1154,0.2,0.2727
E087_ORK_2023,Orkla ASA,2023,densidad,0.619,0.1667,0.6552,0.3714,0.4483,0.7045,0.4,0.28,0.1923,0.3143,0.4545
E087_ORK_2024,Orkla ASA,2024,alta,0.8095,0.3667,0.5862,0.4857,0.6897,0.7273,0.6333,0.48,0.4615,0.6857,0.697
E088_BARN_2022,Barry Callebaut,2022,alta,0.3571,0.1333,0.0345,0.4,0.1034,0.1591,0.2333,0.32,0.0769,0.0857,0.2121
E088_BARN_2023,Barry Callebaut,2023,alta,0.5238,0.1333,0.1034,0.3143,0.1034,0.2045,0.3,0.28,0.1154,0.0857,0.3636
E088_BARN_2024,Barry Callebaut,2024,densidad,0.0952,0.0333,0.069,0.0571,0.0345,0.2273,0.1333,0.08,0.2692,0.2571,0.2424
E089_ADEN_2022,Adecco,2022,densidad,0.3333,0.0333,0.0,0.0,0.0345,0.3864,0.2,0.16,0.1154,0.3143,0.303
E089_ADEN_2023,Adecco,2023,densidad,0.3571,0.0667,0.0345,0.0571,0.1034,0.2955,0.0667,0.0,0.0,0.2286,0.2727
E089_ADEN_2024,Adecco,2024,densidad,0.381,0.0333,0.069,0.0286,0.0345,0.4545,0.3667,0.24,0.3077,0.4571,0.5758
E090_WIHL_2022,Wihlborgs Fastigheter,2022,densidad,0.6667,0.0333,0.1379,0.0286,0.2759,0.4773,0.1,0.08,0.0385,0.2571,0.3333
E090_WIHL_2023,Wihlborgs Fastigheter,2023,densidad,0.6429,0.0333,0.1379,0.0286,0.3103,0.5,0.1,0.08,0.0385,0.2571,0.4242
E090_WIHL_2024,Wihlborgs Fastigheter,2024,densidad,0.6429,0.1,0.1724,0.0571,0.4138,0.5227,0.1667,0.12,0.1154,0.2571,0.5758
E091_P911_2022,Porsche,2022,densidad,0.2857,0.1,0.1724,0.1429,0.3793,0.5909,0.3,0.12,0.1538,0.4286,0.2727
E091_P911_2023,Porsche,2023,media,0.0714,0.0333,0.0345,0.0571,0.2759,0.1591,0.1333,0.12,0.1154,0.2571,0.2121
E091_P911_2024,Porsche,2024,densidad,0.7381,0.5333,0.7241,0.4,0.6552,0.75,0.5,0.24,0.2308,0.5714,0.5758
E092_EVK_2022,Evonik Industries,2022,densidad,0.5,0.1667,0.4483,0.2571,0.2759,0.5682,0.2333,0.08,0.1154,0.2571,0.3636
E092_EVK_2023,Evonik Industries,2023,densidad,0.619,0.1333,0.5172,0.3714,0.3448,0.6136,0.2333,0.12,0.1538,0.3429,0.4545
E092_EVK_2024,Evonik Industries,2024,densidad,0.7143,0.4333,0.6552,0.4857,0.6207,0.5682,0.1667,0.16,0.1538,0.2857,0.6364
E093_BNR_2022,Brenntag,2022,alta,0.5714,0.4,0.3448,0.1429,0.3793,0.6136,0.3,0.24,0.1538,0.4571,0.3636
E093_BNR_2023,Brenntag,2023,alta,0.5714,0.5,0.2759,0.0571,0.3793,0.6136,0.3,0.2,0.1538,0.4571,0.3939
E093_BNR_2024,Brenntag,2024,alta,0.6905,0.3,0.4828,0.2,0.5172,0.7273,0.4333,0.16,0.2692,0.4857,0.4848
E094_OR_2022,L'Oréal,2022,densidad,0.5238,0.2,0.4828,0.3429,0.4483,0.5909,0.3,0.28,0.3077,0.3429,0.5455
E094_OR_2023,L'Oréal,2023,densidad,0.5476,0.2,0.4828,0.4286,0.5862,0.6364,0.3333,0.28,0.1923,0.2,0.5758
E094_OR_2024,L'Oréal,2024,densidad,0.8095,0.4333,0.6897,0.3714,0.6207,0.8636,0.4333,0.44,0.4615,0.4857,0.6667
E095_UBSG_2022,UBS Group,2022,densidad,0.3571,0.0,0.0345,0.0286,0.0345,0.3409,0.0667,0.16,0.0385,0.0857,0.2121
E095_UBSG_2023,UBS Group,2023,alta,0.2619,0.1,0.1034,0.1714,0.1379,0.2045,0.1667,0.08,0.1923,0.2,0.2727
E095_UBSG_2024,UBS Group,2024,alta,0.2143,0.0667,0.069,0.0571,0.1379,0.1818,0.1,0.08,0.1923,0.2286,0.2424
E096_NEM_2023,Nemetschek,2023,densidad,0.0238,0.0333,0.069,0.0857,0.1724,0.0455,0.0,0.0,0.0,0.0,0.0909
E096_NEM_2024,Nemetschek,2024,densidad,0.4524,0.0667,0.069,0.2,0.2069,0.4773,0.2667,0.2,0.2308,0.3714,0.5152
E097_UMG_2022,Universal Music Group,2022,alta,0.5476,0.1,0.069,0.0857,0.3793,0.5455,0.2333,0.2,0.1923,0.3429,0.5455
E097_UMG_2023,Universal Music Group,2023,alta,0.6429,0.0667,0.1379,0.1143,0.4138,0.6136,0.2,0.24,0.3846,0.7143,0.5758
E097_UMG_2024,Universal Music Group,2024,alta,0.6905,0.0667,0.1034,0.0857,0.3448,0.4773,0.2667,0.08,0.1923,0.3714,0.5455
E098_MICP_2022,Michelin,2022,densidad,0.7381,0.5667,0.4138,0.5429,0.5172,0.8182,0.2333,0.32,0.1923,0.3714,0.3939
E098_MICP_2023,Michelin,2023,densidad,0.7619,0.6333,0.4483,0.5429,0.5517,0.8409,0.4333,0.36,0.3462,0.6,0.3636
E098_MICP_2024,Michelin,2024,densidad,0.7619,0.5667,0.7241,0.6571,0.6552,0.7273,0.4667,0.36,0.2692,0.4571,0.5455
E099_PIRC_2022,Pirelli,2022,alta,0.0,0.0333,0.0345,0.0,0.0345,0.1364,0.0,0.0,0.0385,0.3429,0.2121
E099_PIRC_2023,Pirelli,2023,densidad,0.5714,0.3667,0.5172,0.1429,0.4828,0.5909,0.3333,0.28,0.1923,0.2857,0.3333
E099_PIRC_2024,Pirelli,2024,densidad,0.7857,0.3333,0.3448,0.4,0.4483,0.5455,0.3667,0.24,0.3462,0.5143,0.6667
E100_FERR_2022,Ferrari,2022,densidad,0.4524,0.2667,0.4483,0.1143,0.3448,0.5682,0.1333,0.24,0.2308,0.2571,0.303
E100_FERR_2023,Ferrari,2023,densidad,0.5476,0.3,0.5172,0.1143,0.3793,0.4773,0.1333,0.24,0.1154,0.1714,0.1818
E100_FERR_2024,Ferrari,2024,densidad,0.8571,0.3333,0.3103,0.3714,0.6207,0.6136,0.4667,0.32,0.3077,0.4,0.5455
E101_RENA_2022,Renault,2022,densidad,0.381,0.3667,0.3448,0.3143,0.4483,0.6364,0.4667,0.32,0.2308,0.3143,0.3333
E101_RENA_2023,Renault,2023,densidad,0.5952,0.4667,0.5172,0.4857,0.6552,0.5909,0.3333,0.36,0.3462,0.3429,0.3939
E101_RENA_2024,Renault,2024,densidad,0.8571,0.7,0.5172,0.5429,0.6552,0.8409,0.5667,0.44,0.4231,0.5714,0.7879
E102_ABN_2022,ABN AMRO,2022,alta,0.5476,0.1333,0.1724,0.2,0.2069,0.3182,0.3333,0.12,0.1154,0.3143,0.303
E102_ABN_2023,ABN AMRO,2023,alta,0.2619,0.0667,0.0345,0.0286,0.1034,0.3182,0.0667,0.12,0.1154,0.2,0.1212
E102_ABN_2024,ABN AMRO,2024,alta,0.7619,0.2333,0.2414,0.5143,0.3793,0.75,0.5667,0.4,0.3846,0.5714,0.6061
E103_KBC_2022,KBC Group,2022,alta,0.0,0.0,0.0,0.0,0.0,0.0455,0.0,0.08,0.0,0.1143,0.1515
E103_KBC_2023,KBC Group,2023,alta,0.0,0.0,0.0,0.0,0.0,0.0455,0.0,0.08,0.0,0.1143,0.1515
E103_KBC_2024,KBC Group,2024,alta,0.8333,0.0667,0.3448,0.4857,0.3448,0.75,0.4,0.32,0.4615,0.6286,0.6667
E104_INGA_2022,ING Group,2022,alta,0.5952,0.1,0.069,0.2857,0.2414,0.4545,0.1,0.2,0.3462,0.2857,0.303
E104_INGA_2023,ING Group,2023,alta,0.0714,0.0,0.0345,0.0,0.0,0.2727,0.0333,0.0,0.0769,0.2571,0.1515
E104_INGA_2024,ING Group,2024,alta,0.619,0.1,0.2069,0.4857,0.2759,0.6818,0.3333,0.28,0.5,0.4857,0.6061
E105_UC_2022,UniCredit,2022,densidad,0.2143,0.0667,0.0345,0.2286,0.0,0.1364,0.0,0.04,0.0385,0.0286,0.0909
E105_UC_2023,UniCredit,2023,densidad,0.1667,0.0,0.0,0.0286,0.0345,0.0909,0.0,0.04,0.0769,0.0286,0.1818
E105_UC_2024,UniCredit,2024,densidad,0.5952,0.1667,0.3103,0.3429,0.3103,0.6364,0.4,0.28,0.4231,0.6,0.6667
E106_SAN_2022,Banco Santander,2022,alta,0.6905,0.2667,0.2414,0.3143,0.3103,0.8409,0.4333,0.44,0.4231,0.7714,0.6667
E106_SAN_2023,Banco Santander,2023,alta,0.6905,0.3,0.2759,0.3429,0.2759,0.8636,0.5,0.44,0.6154,0.6857,0.7273
E106_SAN_2024,Banco Santander,2024,densidad,0.6667,0.1333,0.1724,0.2286,0.3448,0.5909,0.4,0.2,0.3846,0.5143,0.6061
E107_VK_2022,Vallourec,2022,densidad,0.5476,0.4333,0.6552,0.4286,0.4828,0.5455,0.3,0.16,0.1154,0.4286,0.2121
E107_VK_2023,Vallourec,2023,densidad,0.619,0.4667,0.6207,0.2857,0.4483,0.5455,0.3,0.16,0.1538,0.4571,0.3939
E107_VK_2024,Vallourec,2024,alta,0.5476,0.1333,0.2069,0.2571,0.2414,0.4545,0.2,0.2,0.0769,0.2286,0.4545
E108_MT_2022,ArcelorMittal,2022,alta,0.6905,0.2667,0.3103,0.5143,0.4483,0.3409,0.1667,0.24,0.0769,0.1143,0.3939
E108_MT_2023,ArcelorMittal,2023,alta,0.7143,0.2,0.2414,0.3714,0.4483,0.3409,0.2,0.28,0.1538,0.2857,0.5455
E108_MT_2024,ArcelorMittal,2024,alta,0.4762,0.1,0.1034,0.0857,0.2069,0.25,0.1,0.12,0.0769,0.1429,0.2727
E109_SOLB_2022,Solvay,2022,densidad,0.6667,0.3,0.5517,0.3714,0.5172,0.5682,0.2,0.24,0.0769,0.0571,0.2424
E109_SOLB_2023,Solvay,2023,densidad,0.7143,0.4667,0.5517,0.5143,0.6207,0.75,0.4,0.36,0.1923,0.4571,0.5152
E109_SOLB_2024,Solvay,2024,densidad,0.7381,0.6,0.6897,0.5143,0.5172,0.8409,0.5667,0.32,0.1923,0.6571,0.6667
E110_AKZA_2022,AkzoNobel,2022,densidad,0.5238,0.1333,0.3448,0.1143,0.4828,0.4545,0.2667,0.2,0.1923,0.1429,0.3939
E110_AKZA_2023,AkzoNobel,2023,alta,0.6905,0.2667,0.3793,0.0857,0.4828,0.6591,0.4667,0.24,0.1538,0.4,0.6061
E110_AKZA_2024,AkzoNobel,2024,alta,0.6667,0.3667,0.5172,0.2571,0.4828,0.6136,0.5,0.28,0.1923,0.4286,0.5152
E111_BAS_2022,BASF,2022,densidad,0.3333,0.3333,0.4483,0.1429,0.3793,0.6136,0.3333,0.2,0.1154,0.2857,0.1212
E111_BAS_2023,BASF,2023,densidad,0.5238,0.2333,0.4828,0.5429,0.5172,0.1818,0.2333,0.12,0.1154,0.0857,0.1515
E111_BAS_2024,BASF,2024,alta,0.6905,0.6333,0.6897,0.5143,0.6207,0.75,0.5667,0.48,0.2692,0.5143,0.5758
E112_HEI_2022,Heidelberg Materials,2022,densidad,0.4286,0.3,0.4138,0.2571,0.2414,0.5455,0.1667,0.2,0.1154,0.2,0.2424
E112_HEI_2023,Heidelberg Materials,2023,densidad,0.6429,0.1667,0.3103,0.3143,0.4138,0.4773,0.2333,0.16,0.2308,0.2571,0.3636
E112_HEI_2024,Heidelberg Materials,2024,densidad,0.7381,0.5,0.5862,0.5143,0.5862,0.7045,0.4333,0.56,0.5385,0.4571,0.6364
E113_ACS_2022,ACS Group,2022,alta,0.2857,0.0,0.0345,0.0,0.1034,0.2955,0.0333,0.04,0.1538,0.0857,0.303
E113_ACS_2023,ACS Group,2023,alta,0.5476,0.0333,0.0345,0.0286,0.1379,0.3182,0.0667,0.08,0.1538,0.1143,0.3333
E113_ACS_2024,ACS Group,2024,alta,0.3571,0.1,0.1034,0.2286,0.2414,0.25,0.1333,0.16,0.1154,0.1714,0.3636
E114_SGO_2022,Saint-Gobain,2022,densidad,0.4048,0.1667,0.1034,0.0857,0.4138,0.4773,0.1667,0.2,0.3077,0.2286,0.2121
E114_SGO_2023,Saint-Gobain,2023,alta,0.7381,0.4,0.4828,0.2857,0.6207,0.6136,0.2333,0.24,0.1923,0.2,0.2424
E114_SGO_2024,Saint-Gobain,2024,alta,0.8571,0.6667,0.6207,0.3143,0.6897,0.8636,0.3333,0.32,0.2308,0.4857,0.5455
E115_FER_2022,Ferrovial,2022,densidad,0.3333,0.1667,0.3103,0.2,0.3448,0.4773,0.2,0.28,0.1538,0.2857,0.2727
E115_FER_2023,Ferrovial,2023,alta,0.0476,0.0,0.0345,0.0286,0.0,0.0227,0.0333,0.0,0.0385,0.0571,0.1818
E115_FER_2024,Ferrovial,2024,densidad,0.3571,0.1333,0.1379,0.1429,0.3448,0.3636,0.1667,0.2,0.1538,0.2286,0.5455
E116_WIE_2022,Wienerberger,2022,alta,0.6667,0.3333,0.3793,0.4286,0.6207,0.6591,0.4,0.2,0.3077,0.5429,0.4242
E116_WIE_2023,Wienerberger,2023,densidad,0.4286,0.0667,0.2759,0.0286,0.2759,0.0909,0.0667,0.04,0.0769,0.0,0.1515
E116_WIE_2024,Wienerberger,2024,densidad,0.7857,0.4,0.5862,0.5143,0.5862,0.7955,0.4333,0.24,0.3846,0.5714,0.6061
E117_BEI_2022,Beiersdorf,2022,densidad,0.5238,0.1667,0.3448,0.2,0.5172,0.5682,0.3,0.24,0.1538,0.2286,0.303
E117_BEI_2023,Beiersdorf,2023,alta,0.5714,0.1667,0.4483,0.2857,0.5172,0.5909,0.3,0.28,0.2692,0.4857,0.3939
E117_BEI_2024,Beiersdorf,2024,alta,0.7381,0.4333,0.6897,0.4857,0.6897,0.7045,0.5667,0.52,0.4231,0.5143,0.6061
E118_MONC_2022,Moncler,2022,densidad,0.0714,0.0,0.0345,0.0571,0.1034,0.3864,0.0333,0.12,0.0385,0.1143,0.1818
E118_MONC_2023,Moncler,2023,densidad_baja,0.119,0.0,0.0345,0.0857,0.1379,0.1591,0.0333,0.12,0.0385,0.0571,0.2424
E118_MONC_2024,Moncler,2024,alta,0.0,0.0,0.0,0.0,0.0,0.0227,0.0,0.0,0.0,0.0,0.0
E119_HLI_2022,Haleon,2022,densidad,0.5714,0.0667,0.2759,0.0857,0.2759,0.4091,0.1,0.12,0.2308,0.2571,0.3939
E119_HLI_2023,Haleon,2023,densidad,0.5,0.0333,0.2069,0.0571,0.1379,0.3864,0.1667,0.08,0.2308,0.2286,0.303
E119_HLI_2024,Haleon,2024,alta,0.5714,0.0667,0.2414,0.0857,0.2069,0.2955,0.1333,0.12,0.1923,0.2571,0.3939
E120_PUM_2022,Puma,2022,densidad,0.381,0.2667,0.5862,0.3143,0.5517,0.3636,0.1667,0.12,0.0769,0.2,0.3636
E120_PUM_2023,Puma,2023,densidad,0.1667,0.0333,0.069,0.0857,0.2414,0.0455,0.0,0.0,0.0,0.0286,0.1212
E120_PUM_2024,Puma,2024,densidad,0.9048,0.5,0.8621,0.6,0.7931,0.8864,0.5333,0.36,0.3077,0.3714,0.6061
E121_GAW_2022,Games Workshop,2022,densidad,0.5,0.0,0.0345,0.0,0.069,0.0455,0.0,0.0,0.0769,0.0286,0.1515
E121_GAW_2023,Games Workshop,2023,densidad,0.5,0.0,0.0345,0.0,0.2069,0.1136,0.0333,0.04,0.0769,0.0286,0.1515
E121_GAW_2024,Games Workshop,2024,densidad,0.4762,0.0,0.0345,0.0,0.2069,0.1364,0.0667,0.04,0.0385,0.0286,0.0909
E122_SHEL_2022,Shell plc,2022,alta,0.4048,0.1,0.069,0.0857,0.1379,0.4318,0.1333,0.24,0.1923,0.6857,0.2727
E122_SHEL_2023,Shell plc,2023,alta,0.5,0.1,0.0345,0.0857,0.069,0.4318,0.1333,0.08,0.2308,0.6286,0.3333
E122_SHEL_2024,Shell plc,2024,densidad_baja,0.2857,0.0,0.0,0.0286,0.0345,0.0455,0.0333,0.0,0.0385,0.0286,0.0606
E123_ENI_2022,Eni,2022,densidad_baja,0.0,0.0,0.0345,0.0,0.0,0.1136,0.0,0.0,0.0,0.0857,0.0303
E123_ENI_2023,Eni,2023,densidad_baja,0.0,0.0,0.0345,0.0,0.0,0.1136,0.0,0.0,0.0,0.0571,0.0
E123_ENI_2024,Eni,2024,densidad_baja,0.0,0.0333,0.0345,0.0,0.1034,0.1136,0.0667,0.08,0.0769,0.1429,0.0909
E124_GALP_2022,Galp Energia,2022,densidad,0.4524,0.3,0.4828,0.2286,0.3448,0.7045,0.2667,0.4,0.1923,0.5714,0.4242
E124_GALP_2023,Galp Energia,2023,densidad,0.4048,0.3333,0.4483,0.2857,0.4138,0.6136,0.3333,0.4,0.2308,0.5429,0.5152
E124_GALP_2024,Galp Energia,2024,alta,0.7143,0.6333,0.6207,0.4286,0.3448,0.6136,0.4333,0.4,0.3462,0.4857,0.697
E125_ENX_2022,Euronext,2022,densidad,0.4524,0.0667,0.2069,0.1429,0.1379,0.6818,0.1667,0.16,0.3846,0.5429,0.4242
E125_ENX_2023,Euronext,2023,alta,0.5,0.0667,0.2069,0.1143,0.1379,0.6818,0.2,0.12,0.3846,0.5429,0.3636
E125_ENX_2024,Euronext,2024,alta,0.7381,0.0667,0.1379,0.1714,0.1724,0.7045,0.2667,0.08,0.3077,0.6,0.5152
E126_IGGI_2022,IG Group,2022,densidad,0.4048,0.0,0.0345,0.0,0.0345,0.4091,0.1667,0.12,0.1154,0.2,0.1515
E126_IGGI_2023,IG Group,2023,densidad,0.3571,0.0,0.0345,0.0,0.0345,0.2045,0.1,0.12,0.1154,0.1714,0.1818
E126_IGGI_2024,IG Group,2024,densidad,0.4048,0.0,0.0345,0.0857,0.1379,0.1591,0.1667,0.12,0.0769,0.2286,0.2121
E127_FLOW_2022,Flow Traders,2022,densidad,0.0476,0.0,0.0,0.0286,0.069,0.2045,0.0333,0.08,0.0385,0.2,0.1818
E127_FLOW_2023,Flow Traders,2023,alta,0.2381,0.0,0.0345,0.0571,0.0,0.2955,0.2333,0.16,0.2692,0.2286,0.3636
E127_FLOW_2024,Flow Traders,2024,alta,0.3571,0.0667,0.069,0.0571,0.069,0.4318,0.2333,0.12,0.0769,0.4,0.4242
E128_NESN_2022,Nestlé,2022,alta,0.0952,0.0,0.0,0.0571,0.0345,0.0682,0.0,0.0,0.0,0.0,0.0606
E128_NESN_2023,Nestlé,2023,densidad_baja,0.0714,0.0,0.0345,0.0571,0.0345,0.0909,0.0,0.0,0.0769,0.0,0.0909
E128_NESN_2024,Nestlé,2024,densidad,0.0952,0.0667,0.1379,0.2,0.1724,0.2045,0.1667,0.16,0.1154,0.1714,0.2424
E129_RCO_2022,Rémy Cointreau,2022,densidad,0.4762,0.0667,0.4138,0.2571,0.4828,0.4545,0.1667,0.24,0.0769,0.2286,0.2121
E129_RCO_2023,Rémy Cointreau,2023,densidad,0.4286,0.1333,0.3448,0.2571,0.2414,0.3864,0.0667,0.16,0.2308,0.2286,0.303
E129_RCO_2024,Rémy Cointreau,2024,densidad,0.4762,0.1667,0.4828,0.2571,0.3448,0.4318,0.0667,0.2,0.1538,0.2,0.3636
E130_CCH_2022,Coca-Cola HBC,2022,alta,0.0952,0.0,0.0,0.0,0.1034,0.0227,0.0,0.0,0.0,0.0,0.0909
E130_CCH_2023,Coca-Cola HBC,2023,alta,0.5238,0.0667,0.4483,0.1429,0.4483,0.4318,0.2667,0.16,0.1538,0.1714,0.2424
E130_CCH_2024,Coca-Cola HBC,2024,densidad,0.7619,0.3333,0.7931,0.6571,0.6897,0.8409,0.6333,0.32,0.4231,0.5429,0.697
E131_TEV_2022,Teva Pharmaceutical Industries,2022,densidad,0.0,0.0,0.0345,0.0571,0.0345,0.1591,0.0333,0.08,0.0769,0.1429,0.0909
E131_TEV_2023,Teva Pharmaceutical Industries,2023,densidad_baja,0.0,0.0667,0.1034,0.0286,0.0345,0.0455,0.0333,0.0,0.0385,0.0571,0.0303
E131_TEV_2024,Teva Pharmaceutical Industries,2024,densidad_baja,0.1429,0.1333,0.2069,0.0857,0.069,0.0682,0.1,0.08,0.1154,0.0857,0.2727
E132_ESLX_2022,EssilorLuxottica,2022,densidad,0.3571,0.0667,0.2069,0.0857,0.2069,0.4773,0.4,0.16,0.2308,0.4,0.2727
E132_ESLX_2023,EssilorLuxottica,2023,densidad,0.5476,0.1333,0.4828,0.1429,0.4828,0.4318,0.2667,0.2,0.4231,0.3429,0.3939
E132_ESLX_2024,EssilorLuxottica,2024,alta,0.3095,0.0333,0.069,0.0571,0.3448,0.2727,0.1667,0.2,0.1538,0.1714,0.2121
E133_SNY_2022,Sanofi,2022,densidad_baja,0.0952,0.0,0.0345,0.0,0.0,0.3182,0.0667,0.0,0.0769,0.2286,0.0909
E133_SNY_2023,Sanofi,2023,densidad,0.0238,0.0,0.0345,0.0,0.0,0.2955,0.0667,0.0,0.0769,0.1429,0.0909
E133_SNY_2024,Sanofi,2024,densidad,0.0238,0.0,0.0345,0.0,0.0,0.2955,0.0667,0.08,0.1154,0.1429,0.1515
E134_NOV N_2022,Novartis,2022,densidad_baja,0.0238,0.0,0.069,0.0,0.0345,0.0455,0.0,0.0,0.0,0.0286,0.0606
E134_NOV N_2023,Novartis,2023,densidad_baja,0.0476,0.0,0.0345,0.0,0.0345,0.0682,0.0333,0.0,0.0,0.0571,0.0909
E134_NOV N_2024,Novartis,2024,densidad_baja,0.0,0.0,0.0345,0.0,0.0,0.0455,0.0,0.0,0.0,0.0286,0.0
E135_FME_2022,Fresenius Medical Care,2022,alta,0.381,0.2333,0.4828,0.0571,0.4483,0.7955,0.3667,0.16,0.4615,0.6,0.4545
E135_FME_2023,Fresenius Medical Care,2023,alta,0.3571,0.2333,0.4828,0.0857,0.4828,0.8182,0.2667,0.12,0.5385,0.5714,0.4242
E135_FME_2024,Fresenius Medical Care,2024,alta,0.7143,0.2667,0.5862,0.1143,0.5862,0.8636,0.6,0.24,0.6154,0.7429,0.6667
E136_SAND_2022,Sandvik AB,2022,alta,0.1905,0.1,0.069,0.0,0.3448,0.3182,0.2667,0.12,0.1154,0.2857,0.3939
E136_SAND_2023,Sandvik AB,2023,densidad,0.381,0.1333,0.3103,0.0286,0.4483,0.25,0.3333,0.12,0.0385,0.1429,0.4545
E136_SAND_2024,Sandvik AB,2024,densidad,0.4286,0.1667,0.3103,0.0286,0.4138,0.5,0.4,0.16,0.0769,0.3714,0.4848
E137_KNEBV_2022,Kone,2022,densidad,0.3095,0.0,0.0,0.0,0.0345,0.0909,0.1,0.08,0.0385,0.0286,0.0606
E137_KNEBV_2023,Kone,2023,densidad,0.3333,0.0,0.069,0.0286,0.0345,0.1818,0.1,0.08,0.1154,0.0286,0.0909
E137_KNEBV_2024,Kone,2024,densidad,0.6905,0.2333,0.3448,0.2571,0.4483,0.5455,0.6333,0.28,0.3462,0.4571,0.5758
E138_SMIN_2022,Smiths Group,2022,densidad,0.5,0.0667,0.069,0.0,0.2069,0.4773,0.2667,0.2,0.1154,0.2857,0.3636
E138_SMIN_2023,Smiths Group,2023,densidad,0.5952,0.1333,0.069,0.1143,0.2759,0.4091,0.2333,0.2,0.1923,0.2857,0.5758
E138_SMIN_2024,Smiths Group,2024,densidad,0.5952,0.1,0.1724,0.0286,0.3103,0.2727,0.2333,0.08,0.1538,0.2,0.3939
E139_VOLV B_2022,Volvo Group,2022,densidad,0.5952,0.2,0.2759,0.1714,0.4138,0.7045,0.5667,0.2,0.2308,0.6,0.4545
E139_VOLV B_2023,Volvo Group,2023,densidad,0.5952,0.1333,0.2759,0.1714,0.3793,0.6364,0.5333,0.24,0.2308,0.5429,0.3333
E139_VOLV B_2024,Volvo Group,2024,alta,0.2619,0.0333,0.0345,0.0286,0.1724,0.0909,0.0333,0.0,0.1538,0.0286,0.0909
E140_PRY_2022,Prysmian,2022,alta,0.6667,0.2,0.3448,0.4,0.5517,0.8182,0.4333,0.24,0.4615,0.7143,0.6061
E140_PRY_2023,Prysmian,2023,alta,0.6905,0.4333,0.3793,0.2857,0.6552,0.8636,0.4333,0.36,0.5,0.7714,0.697
E140_PRY_2024,Prysmian,2024,alta,0.4762,0.0333,0.069,0.0857,0.2759,0.3636,0.2,0.24,0.1923,0.3143,0.6364
E141_PRU_2022,Prudential plc,2022,densidad,0.7857,0.1333,0.069,0.1714,0.069,0.6364,0.2,0.24,0.3462,0.3143,0.4242
E141_PRU_2023,Prudential plc,2023,alta,0.7857,0.0667,0.1724,0.1143,0.2069,0.5227,0.2667,0.2,0.4231,0.4,0.5455
E141_PRU_2024,Prudential plc,2024,alta,0.7619,0.1,0.1724,0.1429,0.2414,0.5909,0.2667,0.16,0.4231,0.4,0.5758
E142_PST_2022,Poste Italiane,2022,alta,0.6905,0.3,0.4138,0.1714,0.5172,0.8636,0.4333,0.36,0.5,0.6286,0.6364
E142_PST_2023,Poste Italiane,2023,densidad,0.3095,0.0667,0.1724,0.0857,0.1724,0.4545,0.1,0.2,0.0769,0.2857,0.3636
E142_PST_2024,Poste Italiane,2024,densidad,0.6905,0.3333,0.1379,0.1714,0.5172,0.7273,0.3333,0.24,0.1538,0.3143,0.303
E143_SCR_2022,SCOR SE,2022,densidad,0.6429,0.0667,0.1379,0.2857,0.2069,0.6364,0.1333,0.16,0.0385,0.2571,0.3636
E143_SCR_2023,SCOR SE,2023,densidad,0.6667,0.1,0.1034,0.2286,0.1379,0.6136,0.1667,0.12,0.0385,0.2571,0.3333
E143_SCR_2024,SCOR SE,2024,densidad,0.7381,0.1333,0.1379,0.4,0.1724,0.6591,0.4,0.2,0.1923,0.4,0.5455
E144_SRENH_2022,Swiss Re,2022,densidad_baja,0.0476,0.0,0.0345,0.0,0.0345,0.0455,0.0,0.0,0.0769,0.1143,0.1515
E144_SRENH_2023,Swiss Re,2023,densidad_baja,0.0476,0.0,0.0345,0.0,0.0345,0.0682,0.0,0.0,0.0769,0.1429,0.1212
E144_SRENH_2024,Swiss Re,2024,alta,0.119,0.0,0.0345,0.0,0.0,0.2045,0.0333,0.0,0.0,0.2286,0.1515
E145_LGEN_2022,Legal & General,2022,densidad,0.1667,0.0333,0.069,0.0286,0.069,0.2955,0.1,0.08,0.1154,0.2571,0.3333
E145_LGEN_2023,Legal & General,2023,alta,0.3571,0.0333,0.0345,0.0286,0.0,0.2955,0.1333,0.12,0.1538,0.2571,0.2727
E145_LGEN_2024,Legal & General,2024,densidad,0.5476,0.0333,0.0,0.1143,0.0345,0.3182,0.1667,0.12,0.1923,0.2571,0.303
E146_REL_2022,RELX,2022,densidad,0.6429,0.1,0.2069,0.1429,0.3103,0.4545,0.3667,0.24,0.1538,0.2571,0.3939
E146_REL_2023,RELX,2023,densidad,0.7381,0.1333,0.2414,0.1143,0.2759,0.4545,0.3667,0.2,0.1154,0.2571,0.4242
E146_REL_2024,RELX,2024,densidad,0.5,0.0667,0.069,0.0571,0.1034,0.4545,0.4,0.24,0.3846,0.3714,0.5455
E147_SRB_2022,Storebrand,2022,alta,0.0952,0.0,0.0345,0.1429,0.0,0.1364,0.0667,0.0,0.0769,0.1429,0.3636
E147_SRB_2023,Storebrand,2023,alta,0.9048,0.1667,0.1724,0.3714,0.5172,0.6818,0.3333,0.28,0.5385,0.4571,0.6061
E147_SRB_2024,Storebrand,2024,alta,0.8571,0.0333,0.1379,0.2,0.4138,0.6364,0.2,0.2,0.4615,0.3714,0.5152
E148_INF_2022,Informa,2022,alta,0.0476,0.0,0.0345,0.0286,0.0,0.1136,0.1333,0.12,0.0385,0.2286,0.1515
E148_INF_2023,Informa,2023,densidad_baja,0.0238,0.0,0.0345,0.0,0.0345,0.0455,0.0333,0.0,0.0385,0.0,0.0303
E148_INF_2024,Informa,2024,alta,0.119,0.0,0.0,0.0,0.0345,0.0455,0.0333,0.08,0.0385,0.1714,0.1212
E149_IPX_2022,Ipsos,2022,densidad,0.381,0.0333,0.0345,0.0,0.1034,0.5682,0.2,0.16,0.1538,0.2286,0.2424
E149_IPX_2023,Ipsos,2023,densidad,0.5714,0.0667,0.1379,0.1143,0.2759,0.6364,0.2667,0.24,0.3077,0.3714,0.3636
E149_IPX_2024,Ipsos,2024,alta,0.7381,0.2333,0.3448,0.1429,0.3448,0.8636,0.3333,0.24,0.4615,0.4857,0.6061
E150_SANO_2022,Sanoma,2022,alta,0.3095,0.0,0.0,0.0286,0.0,0.4091,0.1,0.08,0.1923,0.2857,0.2727
E150_SANO_2023,Sanoma,2023,alta,0.4286,0.0667,0.1034,0.0571,0.3103,0.5909,0.2333,0.24,0.3846,0.4286,0.4848
E150_SANO_2024,Sanoma,2024,alta,0.6905,0.2,0.2069,0.3429,0.4483,0.7045,0.5,0.28,0.5769,0.6286,0.6667
E151_SBRY_2022,Sainsbury's,2022,alta,0.3571,0.0,0.069,0.0286,0.0345,0.4091,0.1,0.12,0.1538,0.3429,0.3939
E151_SBRY_2023,Sainsbury's,2023,densidad,0.3333,0.0,0.0,0.0,0.069,0.1591,0.1,0.08,0.1923,0.1429,0.1818
E151_SBRY_2024,Sainsbury's,2024,alta,0.4286,0.0333,0.0345,0.0571,0.1379,0.4091,0.1,0.2,0.1538,0.3714,0.4545
E152_RKT_2022,Reckitt,2022,densidad,0.619,0.0667,0.2069,0.2,0.3793,0.3409,0.1333,0.24,0.1538,0.2857,0.303
E152_RKT_2023,Reckitt,2023,densidad,0.4048,0.1,0.2759,0.2,0.2759,0.3636,0.2333,0.28,0.2692,0.2857,0.3333
E152_RKT_2024,Reckitt,2024,alta,0.4048,0.1,0.2069,0.2571,0.3103,0.3864,0.2667,0.2,0.3077,0.3143,0.3636
E153_WDP_2022,Warehouses De Pauw,2022,densidad,0.3571,0.0,0.1034,0.1429,0.1724,0.4318,0.1333,0.2,0.0385,0.3143,0.303
E153_WDP_2023,Warehouses De Pauw,2023,densidad,0.2381,0.0,0.1034,0.1429,0.0345,0.3636,0.1,0.16,0.0385,0.3143,0.2727
E153_WDP_2024,Warehouses De Pauw,2024,densidad,0.7143,0.0333,0.1379,0.1714,0.2069,0.5455,0.1667,0.2,0.1154,0.5143,0.5758
E154_URW_2022,Unibail-Rodamco-Westfield,2022,alta,0.381,0.1333,0.0,0.0571,0.2069,0.3864,0.1,0.2,0.3077,0.4286,0.3939
E154_URW_2023,Unibail-Rodamco-Westfield,2023,alta,0.4286,0.3,0.2414,0.2571,0.2414,0.4773,0.3,0.44,0.3462,0.4571,0.6364
E154_URW_2024,Unibail-Rodamco-Westfield,2024,alta,0.881,0.3667,0.6552,0.5714,0.6897,0.8864,0.5,0.48,0.4615,0.7714,0.697
E155_VNA_2022,Vonovia,2022,alta,0.5238,0.0667,0.069,0.1714,0.2759,0.4091,0.2667,0.12,0.1923,0.3429,0.4242
E155_VNA_2023,Vonovia,2023,alta,0.5476,0.1667,0.069,0.1714,0.2759,0.4773,0.2667,0.12,0.1923,0.4,0.5152
E155_VNA_2024,Vonovia,2024,alta,0.4762,0.2333,0.3103,0.3143,0.2759,0.4545,0.2333,0.12,0.2692,0.3714,0.5152
E156_TSCO_2022,Tesco,2022,densidad,0.5714,0.0333,0.0345,0.1143,0.1724,0.2045,0.1667,0.16,0.1154,0.2,0.3333
E156_TSCO_2023,Tesco,2023,densidad,0.619,0.0333,0.0345,0.1714,0.1724,0.3409,0.1333,0.16,0.1923,0.1714,0.3636
E156_TSCO_2024,Tesco,2024,densidad,0.5714,0.0667,0.1034,0.2286,0.2759,0.1364,0.1333,0.0,0.1538,0.0857,0.3636
E157_ITX_2022,Inditex,2022,densidad,0.2857,0.2333,0.3103,0.2286,0.4138,0.5682,0.3667,0.32,0.2308,0.2286,0.4545
E157_ITX_2023,Inditex,2023,densidad,0.6667,0.2,0.4828,0.4857,0.4138,0.4545,0.2667,0.32,0.1923,0.2,0.6061
E157_ITX_2024,Inditex,2024,alta,0.0,0.0333,0.0,0.0571,0.069,0.1136,0.0,0.04,0.1538,0.0,0.0909
E158_JMT_2022,Jerónimo Martins,2022,densidad,0.5238,0.2333,0.2759,0.2571,0.3448,0.6364,0.2667,0.28,0.1154,0.5429,0.3636
E158_JMT_2023,Jerónimo Martins,2023,densidad,0.5238,0.2,0.3448,0.2286,0.3448,0.7045,0.3333,0.28,0.1923,0.5429,0.4545
E158_JMT_2024,Jerónimo Martins,2024,densidad,0.7857,0.1,0.5862,0.3429,0.6897,0.4318,0.2333,0.32,0.3462,0.4286,0.6667
E159_ZAL_2022,Zalando,2022,alta,0.3333,0.1667,0.0345,0.0286,0.4138,0.4091,0.3333,0.28,0.1154,0.1714,0.303
E159_ZAL_2023,Zalando,2023,densidad,0.381,0.1333,0.0345,0.0571,0.4483,0.4318,0.3333,0.28,0.0769,0.2286,0.3636
E159_ZAL_2024,Zalando,2024,densidad,0.7143,0.3,0.5862,0.2857,0.5517,0.5227,0.4667,0.44,0.3077,0.4,0.6364
E160_CARR_2022,Carrefour,2022,alta,0.5952,0.3667,0.4138,0.4286,0.4483,0.8409,0.5,0.28,0.3846,0.5429,0.3939
E160_CARR_2023,Carrefour,2023,densidad,0.5,0.2,0.2759,0.3714,0.3793,0.4091,0.1667,0.08,0.2308,0.1714,0.2424
E160_CARR_2024,Carrefour,2024,densidad,0.7143,0.5,0.6552,0.6,0.6552,0.7273,0.5667,0.28,0.3077,0.4571,0.6364
E161_LOGN_2022,Logitech,2022,densidad_baja,0.0952,0.0667,0.0345,0.0,0.1379,0.25,0.2,0.0,0.1154,0.1429,0.0303
E161_LOGN_2023,Logitech,2023,densidad_baja,0.0,0.0,0.0,0.0,0.0,0.0455,0.0,0.0,0.0,0.0857,0.0
E161_LOGN_2024,Logitech,2024,alta,0.0476,0.1,0.0345,0.0286,0.3448,0.3182,0.1667,0.16,0.4615,0.2571,0.1515
E162_AIXA_2022,AIXTRON,2022,alta,0.0,0.0,0.0,0.0,0.0,0.0227,0.0,0.0,0.0,0.0286,0.0
E162_AIXA_2023,AIXTRON,2023,densidad_baja,0.0,0.0,0.0345,0.0,0.0,0.1136,0.0333,0.08,0.1154,0.2,0.1212
E162_AIXA_2024,AIXTRON,2024,alta,0.5952,0.1333,0.2069,0.1714,0.3448,0.7273,0.4667,0.2,0.1154,0.5429,0.5152
E163_IFX_2022,Infineon Technologies,2022,densidad_baja,0.1905,0.0,0.0345,0.0286,0.0,0.1591,0.0,0.0,0.0769,0.0857,0.0606
E163_IFX_2023,Infineon Technologies,2023,densidad_baja,0.1905,0.0,0.0345,0.0286,0.0,0.1818,0.0333,0.0,0.0769,0.0857,0.0606
E163_IFX_2024,Infineon Technologies,2024,densidad,0.1905,0.0,0.0345,0.0286,0.0,0.0455,0.0333,0.0,0.0385,0.0286,0.0606
E164_ATOS_2022,Atos,2022,densidad,0.619,0.2,0.1724,0.2286,0.3448,0.25,0.1,0.2,0.2308,0.2571,0.4242
E164_ATOS_2023,Atos,2023,densidad,0.5714,0.2,0.1724,0.1429,0.4138,0.5682,0.2,0.16,0.3077,0.1714,0.4242
E164_ATOS_2024,Atos,2024,alta,0.619,0.3,0.1379,0.2286,0.4828,0.8636,0.7333,0.4,0.5,0.6857,0.5758
E165_AMS_2022,ams OSRAM,2022,densidad_baja,0.0,0.0333,0.0345,0.0,0.069,0.1136,0.0667,0.08,0.0769,0.1429,0.1515
E165_AMS_2023,ams OSRAM,2023,densidad,0.119,0.0,0.0345,0.0,0.069,0.1818,0.1,0.08,0.0769,0.1714,0.1515
E165_AMS_2024,ams OSRAM,2024,densidad,0.6667,0.3667,0.4828,0.1429,0.5862,0.75,0.5667,0.2,0.3462,0.6857,0.5455
E166_TELIA_2022,Telia Company,2022,densidad,0.619,0.1,0.1034,0.0857,0.3448,0.5,0.3333,0.2,0.2692,0.3143,0.5152
E166_TELIA_2023,Telia Company,2023,densidad,0.5476,0.1,0.1724,0.0857,0.3793,0.5682,0.4667,0.16,0.2308,0.3429,0.697
E166_TELIA_2024,Telia Company,2024,densidad,0.619,0.1667,0.1379,0.2,0.4828,0.8182,0.6,0.36,0.2308,0.4286,0.5758
E167_TEL_2022,Telenor,2022,alta,0.0,0.0,0.0345,0.0,0.0,0.0682,0.0,0.08,0.0385,0.2,0.0909
E167_TEL_2023,Telenor,2023,densidad,0.6667,0.0667,0.1034,0.2286,0.4138,0.4318,0.3,0.2,0.4231,0.3143,0.5758
E167_TEL_2024,Telenor,2024,alta,0.7857,0.1,0.1034,0.2857,0.6207,0.9091,0.5667,0.32,0.4231,0.5714,0.5758
E168_ERICb_2022,Ericsson,2022,densidad,0.6905,0.1667,0.2069,0.2857,0.4828,0.7273,0.6,0.32,0.3077,0.5143,0.3636
E168_ERICb_2023,Ericsson,2023,alta,0.7143,0.2333,0.3103,0.3429,0.6207,0.8182,0.5667,0.32,0.4615,0.5429,0.3636
E168_ERICb_2024,Ericsson,2024,densidad,0.6667,0.2667,0.3793,0.2857,0.6207,0.7045,0.6,0.2,0.3077,0.4857,0.3636
E169_TEF_2022,Telefónica,2022,densidad,0.619,0.1,0.2069,0.3714,0.4828,0.3864,0.1,0.16,0.1154,0.1143,0.2727
E169_TEF_2023,Telefónica,2023,alta,0.7143,0.3,0.3448,0.6286,0.5862,0.8636,0.4,0.28,0.5,0.6286,0.5758
E169_TEF_2024,Telefónica,2024,alta,0.0952,0.0,0.0,0.0,0.0345,0.1591,0.1,0.0,0.1154,0.0286,0.2121
E170_KPN_2022,KPN,2022,alta,0.3333,0.1,0.069,0.1429,0.4138,0.4545,0.4,0.16,0.3077,0.2571,0.4545
E170_KPN_2023,KPN,2023,alta,0.5476,0.0667,0.069,0.1143,0.4828,0.4545,0.4667,0.12,0.4615,0.2286,0.4848
E170_KPN_2024,KPN,2024,alta,0.7143,0.2,0.069,0.1429,0.6897,0.8636,0.5667,0.24,0.5769,0.5714,0.6667
E171_ENT_2022,Entain,2022,densidad,0.5238,0.0,0.069,0.0571,0.1034,0.5,0.1,0.16,0.3077,0.2571,0.2424
E171_ENT_2023,Entain,2023,densidad,0.5476,0.0,0.069,0.0286,0.069,0.4545,0.1333,0.16,0.3077,0.2857,0.3333
E171_ENT_2024,Entain,2024,densidad,0.5952,0.0,0.0345,0.0,0.069,0.4318,0.2,0.16,0.3077,0.3714,0.2727
E172_LHA_2022,Lufthansa,2022,densidad,0.3095,0.1,0.0345,0.0,0.1379,0.3864,0.2,0.12,0.2308,0.3429,0.2727
E172_LHA_2023,Lufthansa,2023,densidad,0.4524,0.0333,0.0345,0.0286,0.3448,0.5,0.1,0.12,0.2692,0.3429,0.3939
E172_LHA_2024,Lufthansa,2024,densidad,0.7857,0.2,0.2069,0.2286,0.4828,0.7273,0.4,0.28,0.4615,0.5429,0.5152
E173_IAG_2022,International Airlines Group,2022,densidad,0.5476,0.1667,0.1034,0.1429,0.2069,0.5909,0.2,0.16,0.1154,0.3429,0.4848
E173_IAG_2023,International Airlines Group,2023,densidad,0.619,0.1667,0.1724,0.2286,0.2759,0.6136,0.2,0.2,0.1154,0.3714,0.5152
E173_IAG_2024,International Airlines Group,2024,alta,0.381,0.1,0.0345,0.0571,0.2069,0.3182,0.0333,0.16,0.1154,0.2286,0.3636
E174_NTGY_2022,Naturgy,2022,alta,0.4524,0.2,0.1379,0.2286,0.2759,0.3864,0.1333,0.08,0.3462,0.4,0.2424
E174_NTGY_2023,Naturgy,2023,alta,0.5476,0.1333,0.2069,0.2857,0.2414,0.4318,0.2,0.4,0.3846,0.5714,0.5152
E174_NTGY_2024,Naturgy,2024,alta,0.0,0.0,0.0,0.0,0.0,0.0682,0.0333,0.0,0.0,0.0,0.0
E175_VIE_2022,Veolia,2022,alta,0.6905,0.4333,0.6552,0.5429,0.5862,0.8182,0.3667,0.28,0.4615,0.4571,0.3939
E175_VIE_2023,Veolia,2023,alta,0.7143,0.4333,0.7241,0.6,0.5862,0.8636,0.3667,0.32,0.5,0.4857,0.4242
E175_VIE_2024,Veolia,2024,densidad,0.4762,0.1667,0.4138,0.0571,0.3103,0.4318,0.1333,0.28,0.2308,0.2286,0.4848
E176_SVT_2022,Severn Trent,2022,densidad,0.6905,0.1,0.3103,0.2286,0.2069,0.2045,0.0667,0.08,0.1538,0.0857,0.3636
E176_SVT_2023,Severn Trent,2023,densidad,0.6667,0.1333,0.4138,0.3143,0.2069,0.5227,0.1,0.12,0.1538,0.0857,0.3939
E176_SVT_2024,Severn Trent,2024,densidad,0.619,0.1667,0.4138,0.3714,0.2414,0.2727,0.1333,0.28,0.1538,0.1143,0.4242
E177_RED_2022,Redeia,2022,densidad,0.2381,0.2333,0.1379,0.1429,0.3103,0.3864,0.1667,0.16,0.0769,0.1714,0.1515
E177_RED_2023,Redeia,2023,densidad,0.119,0.1667,0.069,0.1429,0.2069,0.3636,0.1667,0.16,0.0769,0.0857,0.0909
E177_RED_2024,Redeia,2024,densidad,0.0714,0.1667,0.2069,0.1143,0.1034,0.25,0.1333,0.16,0.1538,0.1429,0.2424
E178_IBE_2022,Iberdrola,2022,alta,0.0714,0.0,0.0345,0.0286,0.0345,0.3182,0.0333,0.08,0.1538,0.4857,0.2121
E178_IBE_2023,Iberdrola,2023,alta,0.0714,0.0333,0.0345,0.0286,0.0345,0.3636,0.0333,0.12,0.2308,0.4,0.2121
E178_IBE_2024,Iberdrola,2024,alta,0.0714,0.0,0.0345,0.0857,0.0345,0.1818,0.0333,0.08,0.2308,0.3429,0.2121
E179_CBK_2022,Commerzbank,2022,densidad,0.6667,0.0,0.069,0.2,0.1034,0.3409,0.1,0.16,0.3077,0.3429,0.4242
E179_CBK_2023,Commerzbank,2023,densidad,0.7143,0.1,0.1034,0.3143,0.1724,0.4773,0.1667,0.28,0.3462,0.4286,0.5152
E179_CBK_2024,Commerzbank,2024,densidad,0.7143,0.2,0.2759,0.4,0.2759,0.7955,0.2333,0.32,0.3077,0.4857,0.5152
E180_BAER_2022,Julius Baer,2022,alta,0.0,0.0,0.0,0.0,0.0,0.0455,0.0,0.0,0.0,0.0286,0.0909
E180_BAER_2023,Julius Baer,2023,alta,0.0,0.0,0.0,0.0,0.0,0.0455,0.0,0.0,0.0,0.0286,0.0909
E180_BAER_2024,Julius Baer,2024,alta,0.0,0.0,0.0,0.0,0.0,0.0455,0.0,0.0,0.0,0.0286,0.0909
E181_ASML_2022,ASML Holding,2022,alta,0.0,0.1,0.0345,0.0286,0.1034,0.3636,0.2667,0.08,0.3077,0.6857,0.2727
E181_ASML_2023,ASML Holding,2023,alta,0.2857,0.2333,0.1379,0.0571,0.4138,0.5682,0.2,0.16,0.1538,0.4286,0.2727
E181_ASML_2024,ASML Holding,2024,alta,0.8095,0.1667,0.3448,0.2857,0.6552,0.8182,0.6333,0.32,0.3462,0.6571,0.6061
E182_MEL_2022,Meliá Hotels,2022,densidad,0.5952,0.0667,0.4828,0.4,0.4138,0.1818,0.1,0.12,0.0769,0.1143,0.2424
E182_MEL_2023,Meliá Hotels,2023,densidad,0.619,0.1,0.5172,0.4857,0.3793,0.3864,0.2333,0.12,0.0769,0.1429,0.2121
E182_MEL_2024,Meliá Hotels,2024,densidad,0.5952,0.0667,0.5862,0.6,0.3793,0.7045,0.2333,0.16,0.1923,0.3143,0.4545
E183_G24_2022,Scout24,2022,alta,0.0,0.0,0.0345,0.0,0.0,0.0682,0.0,0.0,0.0385,0.0286,0.0909
E183_G24_2023,Scout24,2023,alta,0.5238,0.1,0.069,0.0857,0.2069,0.6364,0.1667,0.12,0.5,0.4857,0.4848
E183_G24_2024,Scout24,2024,alta,0.6667,0.1333,0.2069,0.1143,0.2759,0.5227,0.2667,0.16,0.4615,0.4571,0.5152
E184_SPSN_2022,Swiss Prime Site,2022,alta,0.4524,0.2,0.3103,0.1143,0.5172,0.5909,0.2333,0.12,0.3077,0.4,0.5455
E184_SPSN_2023,Swiss Prime Site,2023,densidad,0.5476,0.0667,0.1724,0.1143,0.3103,0.4545,0.3,0.12,0.2308,0.3429,0.5152
E184_SPSN_2024,Swiss Prime Site,2024,alta,0.6429,0.1,0.3103,0.1429,0.4828,0.6364,0.3,0.2,0.2308,0.4286,0.5758
E185_LEG_2022,LEG Immobilien,2022,densidad,0.2381,0.0667,0.1034,0.1429,0.1034,0.3409,0.0333,0.16,0.1154,0.3143,0.4242
E185_LEG_2023,LEG Immobilien,2023,densidad,0.2143,0.0667,0.1034,0.1429,0.1379,0.3409,0.1,0.16,0.1154,0.3429,0.4545
E185_LEG_2024,LEG Immobilien,2024,densidad,0.6667,0.1333,0.1034,0.1143,0.2414,0.5909,0.2333,0.08,0.1923,0.4,0.3939
E186_NHY_2022,Norsk Hydro,2022,densidad,0.381,0.1333,0.0345,0.3143,0.069,0.5227,0.3667,0.2,0.1154,0.5429,0.2424
E186_NHY_2023,Norsk Hydro,2023,alta,0.7381,0.4667,0.6897,0.4857,0.5517,0.7727,0.6667,0.6,0.4615,0.4571,0.6364
E186_NHY_2024,Norsk Hydro,2024,alta,0.7381,0.4333,0.7586,0.4857,0.4828,0.7727,0.5333,0.52,0.3077,0.4857,0.5758
E187_OCI_2022,OCI,2022,densidad,0.0952,0.0333,0.069,0.0571,0.1379,0.1591,0.0,0.04,0.1154,0.0,0.0909
E187_OCI_2023,OCI,2023,densidad,0.0952,0.1667,0.069,0.0857,0.2414,0.1591,0.0333,0.0,0.0385,0.0286,0.0909
E187_OCI_2024,OCI,2024,densidad_baja,0.0,0.0333,0.0345,0.0286,0.1724,0.0455,0.0333,0.0,0.0,0.0,0.0
E188_CLN_2022,Clariant,2022,densidad,0.7381,0.4333,0.5172,0.3143,0.5172,0.75,0.4667,0.32,0.4615,0.5714,0.5152
E188_CLN_2023,Clariant,2023,alta,0.7619,0.5,0.6207,0.3143,0.6207,0.8182,0.5333,0.32,0.5,0.5714,0.6364
E188_CLN_2024,Clariant,2024,alta,0.8333,0.5333,0.6897,0.4857,0.6552,0.8864,0.5667,0.44,0.5,0.5714,0.7879
E189_MB_2022,Mediobanca,2022,densidad_baja,0.1429,0.0,0.0,0.0,0.0345,0.0909,0.0,0.0,0.0769,0.0286,0.0909
E189_MB_2023,Mediobanca,2023,densidad_baja,0.2381,0.0667,0.0345,0.0857,0.0,0.0455,0.0,0.0,0.0385,0.0571,0.0909
E189_MB_2024,Mediobanca,2024,densidad,0.2381,0.0,0.0345,0.0571,0.0,0.0455,0.0,0.0,0.0385,0.0286,0.0909
E190_DB1_2022,Deutsche Börse,2022,alta,0.0952,0.0,0.0,0.0286,0.0,0.0,0.0667,0.0,0.0,0.0286,0.1515
E190_DB1_2023,Deutsche Börse,2023,alta,0.1905,0.0333,0.0,0.0286,0.0,0.1136,0.0333,0.08,0.0385,0.0286,0.1818
E190_DB1_2024,Deutsche Börse,2024,densidad,0.619,0.1333,0.1034,0.0857,0.2414,0.6364,0.2667,0.08,0.0385,0.2857,0.6667
E191_RIGN_2022,Transocean,2022,densidad,0.0,0.0667,0.069,0.0,0.0345,0.0909,0.1333,0.08,0.0385,0.0286,0.0909
E191_RIGN_2023,Transocean,2023,densidad_baja,0.0714,0.0667,0.1034,0.0,0.069,0.3636,0.1667,0.16,0.0385,0.1143,0.0909
E191_RIGN_2024,Transocean,2024,densidad_baja,0.0,0.0667,0.069,0.0,0.0345,0.0455,0.0,0.0,0.0385,0.0,0.0606
E192_SRG_2022,Snam,2022,alta,0.5,0.3333,0.3793,0.4286,0.3103,0.8182,0.3333,0.32,0.2308,0.4857,0.4848
E192_SRG_2023,Snam,2023,alta,0.0714,0.0333,0.069,0.0571,0.1034,0.0455,0.0,0.0,0.0,0.0,0.0303
E192_SRG_2024,Snam,2024,densidad,0.5714,0.2333,0.5172,0.5429,0.3448,0.7955,0.4667,0.4,0.3077,0.4286,0.6061
E193_LSG_2022,Lerøy Seafood,2022,densidad,0.1667,0.0333,0.2414,0.1429,0.2414,0.4773,0.1,0.2,0.1538,0.2857,0.2424
E193_LSG_2023,Lerøy Seafood,2023,alta,0.3095,0.0,0.4828,0.2,0.2759,0.4318,0.2333,0.12,0.1154,0.2571,0.1818
E193_LSG_2024,Lerøy Seafood,2024,alta,0.6905,0.0667,0.2414,0.3714,0.4138,0.6818,0.5,0.28,0.4231,0.4571,0.6061
E194_LISN_2022,Lindt & Sprüngli,2022,densidad_baja,0.0238,0.0,0.0,0.0,0.069,0.0455,0.0,0.0,0.0385,0.0,0.0909
E194_LISN_2023,Lindt & Sprüngli,2023,densidad,0.0,0.0,0.0,0.0,0.069,0.0682,0.0,0.0,0.0385,0.0286,0.0303
E194_LISN_2024,Lindt & Sprüngli,2024,densidad,0.0,0.0,0.0,0.0,0.0345,0.2045,0.1,0.08,0.0,0.1143,0.3333
E195_CTS_2022,CTS Eventim,2022,densidad_baja,0.0,0.0,0.0,0.0,0.0,0.1136,0.0,0.0,0.0,0.0857,0.0
E195_CTS_2023,CTS Eventim,2023,densidad_baja,0.0,0.0,0.0345,0.0,0.0,0.1364,0.0667,0.0,0.1923,0.0286,0.1818
E195_CTS_2024,CTS Eventim,2024,densidad_baja,0.0,0.0,0.0,0.0,0.0,0.0455,0.0,0.0,0.0,0.0857,0.0
E196_DIE_2022,DIETEREN Group,2022,densidad,0.1905,0.0,0.0345,0.0571,0.069,0.0682,0.1,0.0,0.0769,0.0,0.0303
E196_DIE_2023,DIETEREN Group,2023,alta,0.2143,0.0,0.0345,0.0,0.0345,0.0909,0.0333,0.0,0.0769,0.0571,0.303
E196_DIE_2024,DIETEREN Group,2024,densidad,0.8333,0.3667,0.4138,0.3429,0.6207,0.8409,0.6667,0.36,0.5,0.6857,0.8485
