ticker_yf,error,market_cap,moneda,sector_yf,industria_yf,pais_yf,ISIN,ingresos_2022,ebitda_2022,net_income_2022,total_assets_2022,equity_2022,deuda_2022,ROA_2022,ROE_2022,margen_beneficio_2022,deuda_equity_2022,ingresos_2023,ebitda_2023,net_income_2023,total_assets_2023,equity_2023,deuda_2023,ROA_2023,ROE_2023,margen_beneficio_2023,deuda_equity_2023,ingresos_2024,ebitda_2024,net_income_2024,total_assets_2024,equity_2024,deuda_2024,ROA_2024,ROE_2024,margen_beneficio_2024,deuda_equity_2024,id_empresa,nombre,ticker_wiki,pais,sector_icb,supersector,nota
STLA,,22730948608.0,USD,Consumer Cyclical,Auto Manufacturers,Netherlands,AR0940941575,179592000000.0,27490000000.0,16799000000.0,186156000000.0,71999000000.0,27153000000.0,0.0902415178667354,0.2333226850372921,0.0935398013274533,0.3771302379199711,189544000000.0,31297000000.0,18596000000.0,202128000000.0,81693000000.0,29463000000.0,0.0920011082086598,0.2276327225098845,0.0981091461613134,0.3606551356909405,156878000000.0,12781000000.0,5473000000.0,207607000000.0,81692000000.0,37227000000.0,0.0263623095560361,0.066995544239338,0.034886982240977,0.455699456495128,E001,Stellantis,STLAM,Netherlands,Automobiles and Parts,Consumer Discretionary,
MBG.DE,,48680239104.0,EUR,Consumer Cyclical,Auto Manufacturers,Germany,,150017000000.0,27252000000.0,14501000000.0,260015000000.0,85415000000.0,84414000000.0,0.0557698594311866,0.1697711174852192,0.0966623782637967,0.9882807469414038,152390000000.0,27438000000.0,14261000000.0,263022000000.0,91773000000.0,87964000000.0,0.0542197991042574,0.1553942880803722,0.0935822560535468,0.9584954180423436,145594000000.0,21505000000.0,10207000000.0,265010000000.0,92625000000.0,93042000000.0,0.0385155277159352,0.1101970310391363,0.0701059109578691,1.004502024291498,E002,Mercedes-Benz Group,MBG,Germany,Automobiles and Parts,Consumer Discretionary,
CON.DE,,13736411136.0,EUR,Consumer Cyclical,Auto Parts,Germany,,39408900000.0,4006500000.0,66600000.0,37926700000.0,13259200000.0,7674100000.0,0.0017560188468809,0.0050229274767708,0.0016899735846471,0.5787754917340413,41421000000.0,4207000000.0,1156000000.0,37753000000.0,13676000000.0,7162000000.0,0.0306200831721982,0.0845276396607195,0.0279085488037468,0.5236911377595789,20077000000.0,3231000000.0,1168000000.0,36966000000.0,14351000000.0,6879000000.0,0.0315966022831791,0.0813880565814229,0.0581760223140907,0.4793394188558288,E003,Continental,CON,Germany,Automobiles and Parts,Consumer Discretionary,
FR.PA,,3053803264.0,EUR,Consumer Cyclical,Auto Parts,France,NET000KLEON1,20037000000.0,2494000000.0,230000000.0,22029000000.0,3822000000.0,7342000000.0,0.0104407826047482,0.0601779173207744,0.0114787642860707,1.9209837781266352,22044000000.0,2659000000.0,221000000.0,21756000000.0,3575000000.0,7071000000.0,0.0101581173009744,0.0618181818181818,0.0100254037379785,1.9779020979020976,21492000000.0,2716000000.0,162000000.0,21658000000.0,3719000000.0,7037000000.0,0.0074799150429402,0.0435600968002151,0.007537688442211,1.8921753159451469,E004,Valeo,FR,France,Automobiles and Parts,Consumer Discretionary,
CABK.MC,,80875036672.0,EUR,Financial Services,Banks - Regional,Spain,,12439000000.0,,3129000000.0,598850000000.0,33675000000.0,50090000000.0,0.0052250146113383,0.0929175946547884,0.2515475520540236,1.4874536005939123,15874000000.0,,4816000000.0,607167000000.0,36307000000.0,54576000000.0,0.0079319198836563,0.1326465970749442,0.303389189870228,1.5031812047263613,16951000000.0,,5787000000.0,631003000000.0,36831000000.0,54419000000.0,0.009171113291062,0.1571230756699519,0.3413957878591233,1.4775325133718875,E005,CaixaBank,CABK,Spain,Banks,Financials,
HSBA.L,,238565818368.0,GBp,Financial Services,Banks - Diversified,United Kingdom,,53719000000.0,,15559000000.0,2949286000000.0,177833000000.0,204239000000.0,0.0052755141413887,0.0874921977360782,0.289636813790279,1.148487626031164,64528000000.0,,23533000000.0,3038677000000.0,185329000000.0,235159000000.0,0.0077444888021991,0.1269795876522292,0.3646943962310934,1.2688731930782555,67396000000.0,,23979000000.0,3017048000000.0,184973000000.0,242347000000.0,0.0079478351023914,0.1296351359387586,0.3557926286426494,1.3101749985132964,E006,HSBC,HSBA,United Kingdom,Banks,Financials,
SEB-A.ST,,364602458112.0,SEK,Financial Services,Banks - Regional,Sweden,,64466000000.0,,26877000000.0,3532779000000.0,204141000000.0,830984000000.0,0.0076078916909322,0.1316590003967845,0.416917444854652,4.070637451565339,79960000000.0,,38116000000.0,3608218000000.0,221775000000.0,904977000000.0,0.0105636632819857,0.171867884116785,0.476688344172086,4.080608725059181,81611000000.0,,35865000000.0,3758358000000.0,231148000000.0,953911000000.0,0.0095427311607888,0.1551603301780677,0.4394628175123451,4.126840811947324,E007,Skandinaviska Enskilda Banken,SEB,Sweden,Banks,Financials,
RBI.VI,,15628869632.0,EUR,Financial Services,Banks - Regional,Austria,,9608000000.0,,3627000000.0,207057000000.0,17638000000.0,15399000000.0,0.0175169156319274,0.2056355595872548,0.3774979184013322,0.8730581698605284,8821000000.0,,2386000000.0,198241000000.0,18620000000.0,18818000000.0,0.0120358553477837,0.128141783029001,0.2704908740505611,1.0106337271750805,8886000000.0,,1157000000.0,199851000000.0,19081000000.0,22068000000.0,0.0057893130382134,0.0606362349981657,0.1302048165653837,1.1565431581154026,E008,Raiffeisen Bank International,RBI,Austria,Banks,Financials,
UPM.HE,,13230560256.0,EUR,Basic Materials,Paper & Paper Products,Finland,,11720000000.0,2529000000.0,1526000000.0,22207000000.0,12502000000.0,4874000000.0,0.0687170711937677,0.122060470324748,0.1302047781569965,0.3898576227803551,10460000000.0,1211000000.0,388000000.0,18473000000.0,11161000000.0,3256000000.0,0.0210036269149569,0.0347639100439028,0.0370936902485659,0.2917301317086282,10339000000.0,1750000000.0,436000000.0,19096000000.0,11139000000.0,3814000000.0,0.0228320067029744,0.0391417541969656,0.0421704226714382,0.3424005745578597,E009,UPM-Kymmene,UPM,Finland,Basic Resources,Basic Materials,
BOL.ST,,159526174720.0,SEK,Basic Materials,Other Industrial Metals & Mining,Sweden,,86437000000.0,21748000000.0,12410000000.0,96376000000.0,58311000000.0,11192000000.0,0.1287664978832904,0.2128243384610108,0.1435727755475085,0.1919363413421138,78554000000.0,14680000000.0,6073000000.0,101957000000.0,56404000000.0,14582000000.0,0.0595643261374893,0.1076696688178143,0.0773098760088601,0.2585277639883696,89207000000.0,20581000000.0,10022000000.0,116192000000.0,64992000000.0,16507000000.0,0.0862537868355824,0.1542035942885278,0.112345443743204,0.2539851058591826,E010,Boliden AB,BOL,Sweden,Basic Resources,Basic Materials,
ACX.MC,,3976787456.0,EUR,Basic Materials,Steel,Spain,,8688494000.0,1087009000.0,556054000.0,6318147000.0,2474097000.0,1988524000.0,0.0880090317620023,0.224750282628369,0.0639988932489335,0.8037372827338621,6607978000.0,627519000.0,228128000.0,6098769000.0,2408430000.0,2134887000.0,0.0374055813558441,0.0947206271305373,0.0345231173590468,0.8864226903003202,5413128000.0,609626000.0,224946000.0,6467183000.0,2527317000.0,2383051000.0,0.0347826866813572,0.0890058508687275,0.0415556402878335,0.9429173309086276,E011,Acerinox,ACX,Spain,Basic Resources,Basic Materials,
VOE.VI,,8123330560.0,EUR,Basic Materials,Steel,Austria,,14923200000.0,2088000000.0,1299600000.0,16949700000.0,6833100000.0,3187100000.0,0.0766739234322731,0.1901918602098608,0.0870858797040849,0.4664208046128404,18225100000.0,2609200000.0,1064600000.0,17021700000.0,7445900000.0,2993300000.0,0.0625436942256061,0.1429780147463704,0.0584139456024932,0.4020064733611786,16684300000.0,1736900000.0,100800000.0,16557400000.0,7188400000.0,3060600000.0,0.0060879123533888,0.0140225919537031,0.0060416079787584,0.4257692949752379,E012,Voestalpine,VOE,Austria,Basic Resources,Basic Materials,
1COV.DE,,11320645632.0,EUR,,,Germany,,17968000000.0,1646000000.0,-272000000.0,14585000000.0,7086000000.0,3656000000.0,-0.0186492972231744,-0.0383855489697996,-0.0151380231522707,0.5159469376234829,14377000000.0,1136000000.0,-198000000.0,13637000000.0,6590000000.0,3390000000.0,-0.0145193224316198,-0.0300455235204855,-0.0137719969395562,0.5144157814871017,14179000000.0,1116000000.0,-266000000.0,13631000000.0,6658000000.0,3098000000.0,-0.0195143423079744,-0.0399519375187744,-0.0187601382325975,0.4653048963652748,E013,Covestro,1COV,Germany,Chemicals,Basic Materials,
SY1.DE,,11095104512.0,EUR,Basic Materials,Specialty Chemicals,Germany,,4618476000.0,780495000.0,280007000.0,7782963000.0,3551372000.0,2547415000.0,0.0359769152185356,0.0788447394415454,0.0606275749836093,0.7173044671186235,4730187000.0,851959000.0,340473000.0,7845613000.0,3631272000.0,2558672000.0,0.0433966090348835,0.09376135965579,0.0719787610933774,0.7046214108995416,4998513000.0,1040169000.0,478224000.0,8324708000.0,3981180000.0,2545784000.0,0.0574463392589866,0.1201211701053456,0.0956732532255092,0.6394546340532204,E014,Symrise,SY1,Germany,Chemicals,Basic Materials,
YAR.OL,,132253548544.0,NOK,Basic Materials,Agricultural Inputs,Norway,JP3939600007,23902000000.0,4834000000.0,2777000000.0,17982000000.0,8587000000.0,4218000000.0,0.1544322099877655,0.3233958309071852,0.1161827462137059,0.4912076394549901,15511000000.0,1531000000.0,48000000.0,16027000000.0,7552000000.0,4230000000.0,0.0029949460285767,0.0063559322033898,0.0030945780413899,0.5601165254237288,13868000000.0,1465000000.0,14000000.0,14994000000.0,6988000000.0,4048000000.0,0.0009337068160597,0.0020034344590726,0.0010095183155465,0.5792787635947338,E015,Yara International,YAR,Norway,Chemicals,Basic Materials,
BBY.L,,3859951104.0,GBp,Industrials,Engineering & Construction,United Kingdom,,7629000000.0,430000000.0,288000000.0,5123000000.0,1378000000.0,738000000.0,0.0562170603162209,0.2089985486211901,0.0377506881635863,0.5355587808417998,7993000000.0,390000000.0,197000000.0,5265000000.0,1198000000.0,979000000.0,0.0374169040835707,0.164440734557596,0.0246465657450269,0.8171953255425709,8234000000.0,374000000.0,178000000.0,5632000000.0,1121000000.0,1112000000.0,0.0316051136363636,0.1587867975022301,0.0216176827787223,0.991971454058876,E016,Balfour Beatty,BBY,United Kingdom,Construction and Materials,Industrials,
SKA-B.ST,,103892770816.0,SEK,Industrials,Engineering & Construction,Sweden,,163174000000.0,13149000000.0,8256000000.0,151593000000.0,55111000000.0,14567000000.0,0.0544616176208664,0.1498067536426484,0.0505962959785259,0.2643210974215674,167168000000.0,11496000000.0,4998000000.0,155189000000.0,56202000000.0,17766000000.0,0.0322058908814413,0.0889292196007259,0.0298980666156202,0.3161097469840931,176481000000.0,11075000000.0,5552000000.0,171207000000.0,62466000000.0,19106000000.0,0.0324285806071013,0.0888803509108955,0.0314594772241771,0.305862389139692,E017,Skanska,SKA B,Sweden,Construction and Materials,Industrials,
DG.PA,,68313341952.0,EUR,Industrials,Engineering & Construction,France,FI4000185533,62514000000.0,10578000000.0,4259000000.0,111991000000.0,25939000000.0,31023000000.0,0.0380298416837067,0.1641929141447241,0.0681287391624276,1.1959983037125563,69885000000.0,11994000000.0,4702000000.0,118558000000.0,28113000000.0,31423000000.0,0.0396599132913848,0.1672535837512894,0.0672819632252987,1.1177391242485684,72768000000.0,12785000000.0,4863000000.0,129491000000.0,29947000000.0,36261000000.0,0.0375547335336046,0.162386883494173,0.0668288258575197,1.2108391491635222,E018,Vinci,DG,France,Construction and Materials,Industrials,
EN.PA,,19269713920.0,EUR,Industrials,Engineering & Construction,France,FR001400UJU6,44398000000.0,4531000000.0,973000000.0,60595000000.0,12212000000.0,15970000000.0,0.0160574304810627,0.0796757287913527,0.0219154015946664,1.3077301015394691,56017000000.0,5137000000.0,1040000000.0,60746000000.0,12408000000.0,14834000000.0,0.0171204688374543,0.0838168923275306,0.0185657925272685,1.195519019987105,56752000000.0,5392000000.0,1058000000.0,63084000000.0,12700000000.0,14742000000.0,0.0167712890748842,0.0833070866141732,0.0186425148012404,1.1607874015748032,E019,Bouygues,EN,France,Construction and Materials,Industrials,
FGR.PA,,11936400384.0,EUR,Industrials,Engineering & Construction,France,,20884000000.0,3416000000.0,896000000.0,36196000000.0,6176000000.0,15936000000.0,0.0247541164769587,0.1450777202072538,0.042903658303007,2.5803108808290154,22389000000.0,3900000000.0,1013000000.0,37825000000.0,6455000000.0,15983000000.0,0.0267812293456708,0.1569326103795507,0.0452454330251462,2.4760650658404337,24037000000.0,4051000000.0,1039000000.0,40303000000.0,6677000000.0,16699000000.0,0.0257797186313673,0.1556088063501572,0.0432250280817073,2.5009734910888124,E020,Eiffage,EFGI,France,Construction and Materials,Industrials,
BC.MI,,5542000128.0,EUR,Consumer Cyclical,Luxury Goods,Italy,,919708000.0,270052000.0,80599000.0,1322988000.0,382543000.0,687640000.0,0.0609219433585187,0.2106926541591403,0.0876354234169975,1.7975495565204431,1139420000.0,330558000.0,114617000.0,1379880000.0,441791000.0,666998000.0,0.0830630199727512,0.2594371546726846,0.100592406663039,1.5097591395026155,1278540000.0,361702000.0,119478000.0,1744893000.0,489938000.0,961987000.0,0.0684729665372031,0.2438635092603553,0.0934487775118494,1.9634872167498745,E021,Brunello Cucinelli,BRNW,Italy,Consumer Products and Services,Consumer Discretionary,
BOSS.DE,,2453524736.0,EUR,Consumer Cyclical,Apparel Manufacturing,Germany,,3651378000.0,656400000.0,209495000.0,3126602000.0,1116581000.0,914098000.0,0.0670040510432731,0.187621856363309,0.0573742296743859,0.8186580283920288,4197457000.0,744425000.0,258371000.0,3471667000.0,1292663000.0,1124121000.0,0.0744227484951753,0.1998749867521542,0.0615541743488974,0.8696164429553565,4307349000.0,771940000.0,213468000.0,3782421000.0,1426972000.0,1248211000.0,0.0564368694018989,0.1495950866590234,0.049559021105557,0.874727044398909,E022,Hugo Boss,BOSS,Germany,Consumer Products and Services,Consumer Discretionary,
CFR.SW,,92247826432.0,CHF,Consumer Cyclical,Luxury Goods,Switzerland,,,,,,,,,,,,19953000000.0,6519000000.0,313000000.0,40887000000.0,18959000000.0,15713000000.0,0.0076552449433805,0.0165093095627406,0.0156868641307071,0.8287884382087662,20616000000.0,6520000000.0,2362000000.0,42681000000.0,20521000000.0,16365000000.0,0.0553407839553899,0.1151016032357097,0.1145712068296468,0.7974757565420788,E023,Richemont,CFR,Switzerland,Consumer Products and Services,Consumer Discretionary,
KER.PA,,29563430912.0,EUR,Consumer Cyclical,Luxury Goods,France,JP3270790003,20351000000.0,6982000000.0,3614000000.0,33941000000.0,13998000000.0,11192000000.0,0.1064788898382487,0.2581797399628518,0.1775834111345879,0.799542791827404,19566000000.0,6417000000.0,2983000000.0,41367000000.0,15212000000.0,17109000000.0,0.0721106195759905,0.1960951880094662,0.1524583461106,1.124704180909808,16874000000.0,4300000000.0,1133000000.0,43346000000.0,14904000000.0,20142000000.0,0.0261385133576339,0.0760198604401503,0.0671447196870925,1.3514492753623188,E024,Kering,KER,France,Consumer Products and Services,Consumer Discretionary,
ADS.DE,,27896987648.0,EUR,Consumer Cyclical,Footwear & Accessories,Germany,,22511000000.0,1900000000.0,612000000.0,20296000000.0,4991000000.0,6459000000.0,0.0301537248718959,0.122620717291124,0.0271867087201812,1.294129432979363,21427000000.0,1321000000.0,-75000000.0,18020000000.0,4580000000.0,5563000000.0,-0.0041620421753607,-0.0163755458515283,-0.0035002566854902,1.2146288209606988,23683000000.0,2513000000.0,764000000.0,20655000000.0,5476000000.0,5587000000.0,0.0369886226095376,0.139517896274653,0.0322594265929147,1.0202702702702702,E025,Adidas,ADS,Germany,Consumer Products and Services,Consumer Discretionary,
REP.MC,,24544477184.0,EUR,Energy,Oil & Gas Integrated,Spain,,75153000000.0,9934000000.0,4251000000.0,59964000000.0,25294000000.0,13359000000.0,0.0708925355213127,0.1680635723887087,0.0565646081992734,0.5281489681347356,58948000000.0,7251000000.0,3168000000.0,61633000000.0,26197000000.0,10562000000.0,0.0514010351597358,0.1209298774668855,0.0537422813327,0.403175936175898,57122000000.0,5605000000.0,1756000000.0,63186000000.0,26489000000.0,12185000000.0,0.0277909663533061,0.0662916682396466,0.0307412205454991,0.4600022650911699,E026,Repsol,REP,Spain,Energy,Energy,
AKRBP.OL,,219023654912.0,NOK,Energy,Oil & Gas E&P,Norway,,12896200000.0,10638400000.0,1602900000.0,37561800000.0,12427500000.0,5413600000.0,0.0426736737856013,0.1289800844900422,0.1242924272266249,0.4356145644739489,13580000000.0,11283300000.0,1335700000.0,39046500000.0,12362200000.0,6502400000.0,0.0342079315687705,0.1080471113555839,0.0983578792341678,0.5259905194868227,12242700000.0,10499100000.0,1827700000.0,42192900000.0,12691100000.0,8173300000.0,0.0433177145917915,0.1440143092403338,0.149288964035711,0.6440182490091482,E027,Aker BP,AKERBP,Norway,Energy,Energy,
NESTE.HE,,21342894080.0,EUR,Energy,Oil & Gas Refining & Marketing,Finland,KR7001430008,25707000000.0,2970000000.0,1888000000.0,14917000000.0,8322000000.0,2616000000.0,0.126567004089294,0.2268685412160538,0.0734430310810285,0.3143475126171593,22927000000.0,2580000000.0,1433000000.0,15983000000.0,8463000000.0,4068000000.0,0.0896577613714571,0.1693252983575564,0.0625027260435294,0.4806806097128678,20635000000.0,1014000000.0,-95000000.0,15581000000.0,7417000000.0,5147000000.0,-0.0060971696296771,-0.0128084131050289,-0.0046038284468136,0.69394633949036,E028,Neste,NSN,Finland,Energy,Energy,
TGS.OL,,29278945280.0,NOK,Energy,Oil & Gas Equipment & Services,United States,,716633000.0,540970000.0,87796000.0,1838897000.0,1235907000.0,149238000.0,0.0477438377462141,0.0710377075297736,0.1225118017171969,0.1207518041406028,794297000.0,393072000.0,21646000.0,1956414000.0,1275108000.0,132868000.0,0.0110641203753397,0.0169758169504073,0.0272517710629651,0.1042013696094762,1318200000.0,681700000.0,94200000.0,4037800000.0,2075200000.0,898700000.0,0.0233295358858784,0.0453932151117964,0.0714610832954028,0.4330666923670008,E029,TGS,TGS,Norway,Energy,Energy,
VWS.CO,,188053946368.0,DKK,Industrials,Specialty Industrial Machinery,Denmark,SGXZ32918005,14486000000.0,-545000000.0,-1572000000.0,20090000000.0,3044000000.0,2427000000.0,-0.0782478845196615,-0.5164257555847569,-0.1085185696534585,0.7973061760840998,15382000000.0,1126000000.0,77000000.0,22514000000.0,3027000000.0,3387000000.0,0.0034200941636315,0.0254377271225635,0.005005850994669,1.1189296333002974,17295000000.0,1761000000.0,499000000.0,24644000000.0,3529000000.0,3271000000.0,0.0202483363090407,0.1413998299801643,0.0288522694420352,0.9268914706715784,E030,Vestas,VESTAS,Denmark,Energy,Energy,
LSEG.L,,45152157696.0,GBp,Financial Services,Financial Data & Stock Exchanges,United Kingdom,PLCTHQM00018,7743000000.0,3319000000.0,1303000000.0,835156000000.0,25996000000.0,8823000000.0,0.0015601875577736,0.0501230958609016,0.1682810280253132,0.339398368979843,8379000000.0,3622000000.0,761000000.0,805010000000.0,23807000000.0,9699000000.0,0.0009453298716786,0.0319653883311631,0.0908222938298126,0.4074011845255597,8858000000.0,4079000000.0,685000000.0,732819000000.0,23013000000.0,9965000000.0,0.0009347465062996,0.0297657845565549,0.0773312260103861,0.4330161213227306,E031,London Stock Exchange Group,LSEG,United Kingdom,Financial Services,Financials,
ALLFG.AS,,5235476480.0,EUR,Financial Services,Asset Management,United Kingdom,GB00BNTJ3546,2742012000.0,260906000.0,49183000.0,5127110000.0,2354504000.0,1766775000.0,0.0095927335282449,0.0208889005922266,0.0179368288687285,0.7503809719584252,568606000.0,314678000.0,85706000.0,5009546000.0,2350909000.0,2316163000.0,0.0171085363823388,0.0364565365992473,0.1507300309880655,0.9852201850433172,658485000.0,135236000.0,-168514000.0,5072128000.0,2045208000.0,2622656000.0,-0.0332235306364508,-0.0823945535124055,-0.2559116760442531,1.2823419427266078,E032,Allfunds Group,ALLFG,Spain,Financial Services,Financials,
MF.PA,,3426871552.0,EUR,Financial Services,Asset Management,France,,6747100000.0,1261100000.0,656300000.0,14378000000.0,2788600000.0,6063700000.0,0.0456461260258728,0.2353510722226206,0.0972714203139126,2.1744603026608336,7127600000.0,1314400000.0,142400000.0,15052700000.0,2676400000.0,6114500000.0,0.0094600968596995,0.0532057988342549,0.0199786744486222,2.2845987146913767,7156600000.0,1587400000.0,293900000.0,15458100000.0,3222900000.0,6746900000.0,0.019012685905771,0.0911911632380775,0.0410669871167873,2.0934251760836515,E033,Wendel,WEND,France,Financial Services,Financials,
III.L,,23761625088.0,GBp,Financial Services,Asset Management,United Kingdom,,,,,,,,,,,,4712000000.0,,4573000000.0,17819000000.0,16844000000.0,785000000.0,0.2566361748695213,0.2714913322251246,0.9705008488964346,0.046604132035146,3984000000.0,,3836000000.0,21641000000.0,20170000000.0,1251000000.0,0.1772561341897324,0.1901834407535944,0.96285140562249,0.0620228061477441,E034,3i,III,United Kingdom,Financial Services,Financials,
EXO.AS,,21709125632.0,EUR,Industrials,Farm & Heavy Construction Machinery,Netherlands,CH1159308571,41845000000.0,5961000000.0,4227000000.0,83699000000.0,20627000000.0,33662000000.0,0.050502395488596,0.2049255829737722,0.101015653005138,1.6319387210937122,48667000000.0,10945000000.0,4194000000.0,94779000000.0,23268000000.0,37986000000.0,0.0442503086126673,0.1802475502836513,0.0861774919349867,1.6325425477050026,15313000000.0,14875000000.0,14671000000.0,42460000000.0,38212000000.0,4090000000.0,0.3455252001884126,0.3839369831466555,0.9580748383726244,0.1070344394431068,E035,Exor,EXO,Netherlands,Financial Services,Financials,
GLB.L,,5013061632.0,EUR,Consumer Defensive,Packaged Foods,Ireland,,5943700000.0,407900000.0,271400000.0,4117200000.0,1984300000.0,1080400000.0,0.0659185854464199,0.1367736733356851,0.0456617931591432,0.5444741218565741,5425400000.0,560600000.0,344400000.0,3799100000.0,2132600000.0,771800000.0,0.0906530494064383,0.1614930132232955,0.063479190474435,0.3619056550689299,3839700000.0,454000000.0,164700000.0,3874500000.0,2072800000.0,958900000.0,0.0425087108013937,0.079457738324971,0.0428939760918821,0.4626109610189116,E036,Glanbia,GLB,Ireland,"Food, Beverage and Tobacco",Consumer Staples,
RI.PA,,16196374528.0,EUR,Consumer Defensive,Beverages - Wineries & Distilleries,France,,10701000000.0,3332000000.0,1996000000.0,36012000000.0,15944000000.0,11172000000.0,0.0554259691214039,0.1251881585549423,0.1865246238669283,0.7007024586051179,12137000000.0,3634000000.0,2262000000.0,37676000000.0,15717000000.0,11870000000.0,0.0600382206178999,0.1439205955334987,0.1863722501441872,0.7552331869949735,11598000000.0,3188000000.0,1476000000.0,39185000000.0,15749000000.0,13618000000.0,0.0376674747990302,0.0937202362054733,0.1272633212622866,0.8646898215759731,E037,Pernod Ricard,PERP,France,"Food, Beverage and Tobacco",Consumer Staples,
CPR.MI,,6751561728.0,EUR,Consumer Defensive,Beverages - Wineries & Distilleries,Italy,,2697600000.0,597000000.0,333000000.0,6015300000.0,2676200000.0,1789300000.0,0.0553588349708243,0.1244301621702413,0.1234430604982206,0.6685972647784172,2918600000.0,647500000.0,330500000.0,6675600000.0,2925200000.0,2253900000.0,0.049508658397747,0.1129837276083686,0.1132392242856163,0.7705114180226993,3069800000.0,493400000.0,201600000.0,8483300000.0,3854000000.0,2863600000.0,0.0237643369915009,0.0523092890503373,0.065672030751189,0.7430202387130255,E038,Davide Campari-Milano,CPR,Italy,"Food, Beverage and Tobacco",Consumer Staples,
NOVO-B.CO,,1273703825408.0,DKK,Healthcare,Drug Manufacturers - General,Denmark,,176954000000.0,76802000000.0,55525000000.0,241257000000.0,83486000000.0,25784000000.0,0.2301487625229527,0.6650815705627291,0.3137821128654904,0.3088422010876075,232261000000.0,114629000000.0,83683000000.0,314486000000.0,106561000000.0,27006000000.0,0.2660945161310837,0.7853060688244292,0.3602972517986231,0.2534323063785062,290403000000.0,147938000000.0,100988000000.0,465630000000.0,143486000000.0,102787000000.0,0.2168846509030775,0.7038177940705016,0.3477512284652707,0.7163556026371911,E039,Novo Nordisk,NOVO B,Denmark,Health Care,Health Care,
CTEC.L,,3944089088.0,GBp,Healthcare,Medical Instruments & Supplies,United Kingdom,,2072500000.0,340200000.0,62900000.0,3592000000.0,1609700000.0,1300200000.0,0.017511135857461,0.0390756041498415,0.0303498190591073,0.8077281481021308,2142400000.0,455500000.0,130300000.0,3713700000.0,1692700000.0,1312400000.0,0.0350863020707111,0.0769776097359248,0.060819641523525,0.7753293554675962,2289000000.0,541000000.0,191000000.0,3515000000.0,1689000000.0,1202000000.0,0.0543385490753911,0.113084665482534,0.0834425513324595,0.7116637063351096,E040,ConvaTec,CTEC,United Kingdom,Health Care,Health Care,
ALC.SW,,25965148160.0,CHF,Healthcare,Medical Instruments & Supplies,Switzerland,,8717000000.0,1720000000.0,335000000.0,29165000000.0,19677000000.0,5068000000.0,0.0114863706497514,0.0170249529908014,0.0384306527475048,0.2575595873354678,9455000000.0,2242000000.0,974000000.0,29614000000.0,20624000000.0,5135000000.0,0.0328898493955561,0.0472265321955003,0.1030142781597038,0.2489817688130333,9911000000.0,2676000000.0,1018000000.0,30347000000.0,21533000000.0,497000000.0,0.0335453257323623,0.0472762736265267,0.1027141559882958,0.0230808526447777,E041,Alcon,ALC,Switzerland,Health Care,Health Care,
QGEN,,7301353472.0,USD,Healthcare,Diagnostics & Research,Netherlands,NL0015002SN0,2141518000.0,779355000.0,423211000.0,6287735000.0,3466611000.0,1883670000.0,0.0673073849327301,0.1220820565099458,0.1976219672213822,0.543375071503552,1965311000.0,688555000.0,341303000.0,6115190000.0,3807764000.0,1532062000.0,0.0558123296250811,0.089633443669303,0.1736636084568803,0.4023521415717991,1978214000.0,368256000.0,83591000.0,5689622000.0,3567339000.0,1512541000.0,0.0146918371730143,0.023432311871678,0.0422557923460252,0.4239969904738518,E042,Qiagen,QIA,Netherlands,Health Care,Health Care,
LONN.SW,,34384314368.0,CHF,Healthcare,Diagnostics & Research,Switzerland,,6223000000.0,2107000000.0,1215000000.0,17356000000.0,10597000000.0,2587000000.0,0.0700046093569947,0.1146550910635085,0.1952434517113932,0.2441256959516844,6717000000.0,1504000000.0,654000000.0,16848000000.0,9452000000.0,3132000000.0,0.0388176638176638,0.069191705459162,0.0973648950424296,0.3313584426576386,5480000000.0,1495000000.0,636000000.0,19733000000.0,9328000000.0,5120000000.0,0.0322302741600364,0.0681818181818181,0.1160583941605839,0.548885077186964,E043,Lonza Group,LONN,Switzerland,Health Care,Health Care,
LDO.MI,,30580447232.0,EUR,Industrials,Aerospace & Defense,Italy,,14713000000.0,1650000000.0,927000000.0,28582000000.0,7183000000.0,4613000000.0,0.0324329997900776,0.1290547125156619,0.0630055053354176,0.6422107754420159,15291000000.0,1540000000.0,658000000.0,30693000000.0,7800000000.0,4929000000.0,0.0214381129247711,0.0843589743589743,0.0430318487999476,0.6319230769230769,17763000000.0,2250000000.0,1074000000.0,33673000000.0,8990000000.0,4700000000.0,0.0318949900513764,0.1194660734149054,0.0604627596689748,0.5228031145717463,E044,Leonardo,LDO,Italy,Industrial Goods and Services,Industrials,
BOL.PA,,15159518208.0,EUR,Communication Services,Entertainment,France,FR001400XP40,13635200000.0,258400000.0,3399800000.0,57230300000.0,23269400000.0,6824000000.0,0.0594055945888803,0.1461060448485994,0.2493399436751936,0.2932606771124309,3173800000.0,207000000.0,268500000.0,63243600000.0,23075300000.0,7415700000.0,0.0042454888716012,0.0116358183858931,0.0845989035225912,0.3213696029954107,3130300000.0,366500000.0,1822300000.0,27669900000.0,25447700000.0,395800000.0,0.0658585683359896,0.0716096150143234,0.5821486758457656,0.0155534684863465,E045,Bolloré,BOL,France,Industrial Goods and Services,Industrials,
SGSN.SW,,17302247424.0,CHF,Industrials,Consulting Services,Switzerland,,6642000000.0,1413000000.0,588000000.0,7122000000.0,682000000.0,4446000000.0,0.0825610783487784,0.8621700879765396,0.088527551942186,6.519061583577713,6622000000.0,1417000000.0,553000000.0,6761000000.0,459000000.0,4408000000.0,0.0817926342257062,1.2047930283224402,0.0835095137420718,9.603485838779957,6794000000.0,1391000000.0,581000000.0,6749000000.0,797000000.0,3880000000.0,0.0860868276781745,0.7289836888331243,0.0855166323226376,4.868255959849435,E046,SGS S.A.,SGSN,Switzerland,Industrial Goods and Services,Industrials,
SAF.PA,,122639482880.0,EUR,Industrials,Aerospace & Defense,France,GRS118003003,19523000000.0,-1405000000.0,-2459000000.0,46828000000.0,10411000000.0,6949000000.0,-0.0525113180148629,-0.2361924887138603,-0.1259540029708548,0.6674671021035443,23651000000.0,6392000000.0,3444000000.0,50468000000.0,11577000000.0,6582000000.0,0.0682412617896488,0.2974863954392329,0.1456175214578664,0.5685410728167919,27716000000.0,676000000.0,-667000000.0,55012000000.0,10176000000.0,5058000000.0,-0.0121246273540318,-0.0655463836477987,-0.0240655217203059,0.4970518867924528,E047,Safran,SAF,France,Industrial Goods and Services,Industrials,
CS.PA,,82121351168.0,EUR,Financial Services,Insurance - Diversified,France,FR001400UEZ6,81461000000.0,,5061000000.0,638357000000.0,46072000000.0,63658000000.0,0.0079281655875944,0.1098498003125542,0.0621278894194768,1.381706893557909,97671000000.0,,7189000000.0,644385000000.0,49579000000.0,59870000000.0,0.0111563739069034,0.1450009076423485,0.0736042428151652,1.2075677202041186,103262000000.0,,7886000000.0,653762000000.0,49943000000.0,62450000000.0,0.0120624936903643,0.1579000060068478,0.0763688481726094,1.2504254850529604,E048,AXA,CS,France,Insurance,Financials,
TLX.DE,,27811262464.0,EUR,Financial Services,Insurance - Diversified,Germany,,18728000000.0,,706000000.0,158479000000.0,8640000000.0,9535000000.0,0.0044548489074262,0.0817129629629629,0.0376975651431012,1.103587962962963,19233000000.0,,1581000000.0,168525000000.0,10447000000.0,9105000000.0,0.0093813974187805,0.1513353115727003,0.0822024645141163,0.8715420694936346,47674000000.0,,1977000000.0,180419000000.0,11661000000.0,8788000000.0,0.0109578259495951,0.1695394906097247,0.0414691446071233,0.7536231884057971,E049,Talanx,TLX,Germany,Insurance,Financials,
AV.L,,18899560448.0,GBp,Financial Services,Insurance - Diversified,United Kingdom,,-19538000000.0,,-1051000000.0,309583000000.0,9904000000.0,8070000000.0,-0.0033948892542549,-0.1061187399030694,0.0537926092742348,0.8148222940226171,40456000000.0,,1085000000.0,328843000000.0,9282000000.0,7367000000.0,0.003299446848496,0.116892911010558,0.0268192604310856,0.7936867054514113,39904000000.0,,683000000.0,353883000000.0,8305000000.0,6886000000.0,0.0019300164178556,0.0822396146899458,0.0171160785886126,0.8291390728476821,E050,Aviva,AV,United Kingdom,Insurance,Financials,
TRYG.CO,,91827863552.0,DKK,Financial Services,Insurance - Diversified,Denmark,,33909000000.0,,2247000000.0,113387000000.0,42500000000.0,11279000000.0,0.0198170866148676,0.0528705882352941,0.0662655932053437,0.2653882352941176,40213000000.0,,3794000000.0,112940000000.0,40349000000.0,9417000000.0,0.0335930582610235,0.0940295918114451,0.0943475990351379,0.2333886837344172,40255000000.0,,4816000000.0,104376000000.0,38863000000.0,6617000000.0,0.0461408752970031,0.1239224969765586,0.1196373121351385,0.1702647762653423,E051,Tryg,TRYG,Denmark,Insurance,Financials,
ZURN.SW,,85110603776.0,CHF,Financial Services,Insurance - Diversified,Switzerland,,44763000000.0,,3964000000.0,335412000000.0,25683000000.0,15715000000.0,0.0118183010744994,0.1543433399524977,0.0885552800303822,0.6118833469610248,78098000000.0,,4351000000.0,361382000000.0,24860000000.0,15455000000.0,0.0120398913061524,0.1750201126307321,0.055712054085892,0.6216814159292036,86046000000.0,,5814000000.0,358005000000.0,25472000000.0,14428000000.0,0.0162399966480915,0.2282506281407035,0.0675685098668154,0.566425879396985,E052,Zurich Insurance Group,ZURN,Switzerland,Insurance,Financials,
VPLAY-B.ST,,7712223744.0,SEK,Communication Services,Entertainment,Sweden,,15691000000.0,730000000.0,323000000.0,21863000000.0,8910000000.0,4413000000.0,0.0147738187805882,0.0362514029180695,0.0205850487540628,0.4952861952861953,18567000000.0,-9904000000.0,-9747000000.0,19717000000.0,-1090000000.0,7651000000.0,-0.494344981488056,8.942201834862386,-0.5249636451769268,-7.019266055045872,18490000000.0,804000000.0,106000000.0,16854000000.0,3677000000.0,2434000000.0,0.0062893081761006,0.0288278487897742,0.0057328285559762,0.6619526788142508,E053,Viaplay,VPLAY B,Sweden,Media,Communication Services,
ONTEX.BR,,211692480.0,EUR,Consumer Defensive,Household & Personal Products,Belgium,,1672200000.0,-8200000.0,-270300000.0,2694500000.0,858500000.0,1037100000.0,-0.1003154574132492,-0.3148514851485148,-0.1616433440975959,1.2080372743156669,1794700000.0,171500000.0,34800000.0,2361700000.0,902000000.0,813000000.0,0.0147351484100436,0.038580931263858,0.0193904273694767,0.9013303769401332,1860500000.0,142200000.0,10300000.0,2360600000.0,925700000.0,720200000.0,0.0043632974667457,0.0111267149184401,0.0055361461972588,0.7780058334233553,E054,Ontex,ONT,Belgium,"Personal Care, Drug and Grocery Stores",Consumer Staples,
ULVR.L,,92093358080.0,GBp,Consumer Defensive,Household & Personal Products,United Kingdom,,60073000000.0,13072000000.0,7642000000.0,77821000000.0,19021000000.0,28439000000.0,0.0981997147299572,0.4017664686399242,0.1272118921978259,1.4951369538930657,51680000000.0,10730000000.0,6487000000.0,75266000000.0,18102000000.0,28593000000.0,0.0861876544522095,0.358358192464921,0.1255224458204334,1.5795492210805435,52479000000.0,10740000000.0,5744000000.0,79750000000.0,19990000000.0,30655000000.0,0.0720250783699059,0.2873436718359179,0.1094533051315764,1.5335167583791895,E055,Unilever,ULVR,United Kingdom,"Personal Care, Drug and Grocery Stores",Consumer Staples,
DIA.MC,,2273777408.0,EUR,Consumer Defensive,Discount Stores,Spain,DE0005146807,5942400000.0,328659000.0,-123848000.0,3120940000.0,7557000.0,1303846000.0,-0.039682916044525,-16.388513960566364,-0.0208414108777598,172.53486833399498,4992607000.0,415541000.0,-30242000.0,2627335000.0,-40667000.0,963930000.0,-0.0115105230204751,0.7436496422160475,-0.0060573564071836,-23.703002434406276,5880257000.0,444696000.0,-60784000.0,2306750000.0,30328000.0,983690000.0,-0.0263504931180231,-2.0042205222896334,-0.0103369631633447,32.43504352413611,E056,Dia,DIA,Spain,"Personal Care, Drug and Grocery Stores",Consumer Staples,
COLR.BR,,3927088896.0,EUR,Consumer Defensive,Grocery Stores,Belgium,,9251100000.0,737500000.0,287300000.0,5613600000.0,2462100000.0,1000700000.0,0.0511792788941142,0.1166890053206612,0.0310557663412999,0.4064416554973397,9691000000.0,690800000.0,200600000.0,6147600000.0,2510300000.0,1355100000.0,0.0326306200793805,0.0799107676373341,0.0206996182024558,0.5398159582520018,10844800000.0,1642400000.0,1050900000.0,6571200000.0,3173600000.0,1018200000.0,0.1599251278305332,0.33113813965213,0.0969035851283564,0.3208343836652382,E057,Colruyt,COLR,Belgium,"Personal Care, Drug and Grocery Stores",Consumer Staples,
SGRO.L,,9707298816.0,GBp,Real Estate,REIT - Industrial,United Kingdom,,669000000.0,-1878000000.0,-1927000000.0,17348000000.0,11373000000.0,4961000000.0,-0.1110790869264468,-0.1694363844192385,-2.8804185351270553,0.436208564143146,749000000.0,-134000000.0,-253000000.0,17306000000.0,10904000000.0,5423000000.0,-0.0146192072113717,-0.0232024944974321,-0.3377837116154873,0.4973404255319149,675000000.0,763000000.0,594000000.0,17574000000.0,12049000000.0,4677000000.0,0.0337999317173096,0.0492986969873018,0.88,0.3881649929454726,E058,Segro,SGRO,United Kingdom,Real Estate,Real Estate,
MRL.MC,,9379194880.0,EUR,Real Estate,REIT - Office,Spain,,439038000.0,153423000.0,263087000.0,12051483000.0,6849224000.0,4249281000.0,0.0218302593962917,0.0384112127154842,0.5992351459326983,0.6204032748819428,464779000.0,36599000.0,-83497000.0,12065411000.0,6539038000.0,4523912000.0,-0.0069203610220986,-0.0127690036363147,-0.1796488223435224,0.6918314284150053,494572000.0,430518000.0,283759000.0,13459195000.0,7500980000.0,4922456000.0,0.0210829102334872,0.0378295902668718,0.5737465930137573,0.6562417177488808,E059,Merlin Properties,MRL,Spain,Real Estate,Real Estate,
GFC.PA,,5395877888.0,EUR,Real Estate,REIT - Office,France,,765234000.0,263768000.0,169583000.0,20677859000.0,12757236000.0,7277357000.0,0.0082011875600854,0.0132930832352713,0.2216093377973273,0.5704493512544567,835687000.0,-1691660000.0,-1787184000.0,17648750000.0,10582743000.0,6433961000.0,-0.1012640555280119,-0.1688771994179581,-2.1385805929732067,0.6079672349597831,843245000.0,414634000.0,309763000.0,17917968000.0,10505992000.0,6762341000.0,0.0172878420142283,0.0294844123239385,0.3673463821309347,0.6436651579403448,E060,Gecina,GFC,France,Real Estate,Real Estate,
CAST.ST,,58012315648.0,SEK,Real Estate,Real Estate - Development,Sweden,SE0020202745,8928000000.0,3889000000.0,1750000000.0,179731000000.0,78983000000.0,78440000000.0,0.0097367732889707,0.0221566666244634,0.1960125448028674,0.993125102870238,9806000000.0,-12276000000.0,-11592000000.0,159336000000.0,77177000000.0,63112000000.0,-0.0727519204699503,-0.1502001891755315,-1.182133387721803,0.8177565855112274,9784000000.0,5571000000.0,2357000000.0,157859000000.0,79174000000.0,60097000000.0,0.0149310460600916,0.0297698739485184,0.240903515944399,0.7590496880288984,E061,Castellum,CAST,Sweden,Real Estate,Real Estate,
DHER.DE,,11584992256.0,EUR,Consumer Cyclical,Internet Retail,Germany,,8577400000.0,-2151700000.0,-3008400000.0,12860200000.0,3719700000.0,5684600000.0,-0.2339310430630939,-0.8087749012017098,-0.3507356541609345,1.528241524854155,9941800000.0,-1305000000.0,-2297500000.0,10487800000.0,1653500000.0,5642700000.0,-0.2190640553786304,-1.3894768672512852,-0.2310949727413546,3.4125793770789237,12294800000.0,239900000.0,-882400000.0,12420400000.0,2592300000.0,5667400000.0,-0.0710444108080255,-0.3403927014620221,-0.0717701792627777,2.1862438760945877,E062,Delivery Hero,DHER,Germany,Retail,Consumer Discretionary,
TPK.L,,1154529152.0,GBp,Industrials,Industrial Distribution,United Kingdom,PLCTHQM00018,4994800000.0,461800000.0,192200000.0,4136400000.0,2102200000.0,1054200000.0,0.0464655255777971,0.0914280277804205,0.0384800192199887,0.5014746456093616,4837100000.0,354000000.0,38100000.0,4025500000.0,2040300000.0,1053500000.0,0.0094646627748105,0.0186737244522864,0.0078766202890161,0.5163456354457677,4607400000.0,202700000.0,-77400000.0,4031200000.0,1974100000.0,1089600000.0,-0.0192002381424885,-0.0392077402360569,-0.0167990623779137,0.5519477230130186,E063,Travis Perkins,TPK,United Kingdom,Retail,Consumer Discretionary,
HNNMY,,27546497024.0,USD,Consumer Cyclical,Apparel Manufacturing,Sweden,US4258831050,223553000000.0,29910000000.0,3566000000.0,182048000000.0,50757000000.0,72635000000.0,0.0195882404640534,0.0702563193254132,0.0159514745943914,1.4310341430738618,236035000000.0,38108000000.0,8745000000.0,181273000000.0,47428000000.0,77970000000.0,0.048242154099066,0.1843847516235135,0.0370495901031626,1.6439655899468668,234478000000.0,40448000000.0,11621000000.0,180214000000.0,46142000000.0,76954000000.0,0.0644844462694352,0.2518529755970699,0.0495611528586903,1.667764726279745,E064,H&M,HMB,Sweden,Retail,Consumer Discretionary,
MKS.L,,7091512832.0,GBp,Consumer Cyclical,Department Stores,United Kingdom,,10885100000.0,1191700000.0,306600000.0,9443400000.0,2913700000.0,3808200000.0,0.0324671198932587,0.1052270309228815,0.0281669438039154,1.3069979750832277,11931300000.0,1246700000.0,363400000.0,9097800000.0,2676400000.0,3628000000.0,0.039943722658225,0.1357794051711253,0.030457703686941,1.355552234344642,13040100000.0,1417900000.0,431200000.0,8682200000.0,2831200000.0,3133200000.0,0.0496648314943217,0.1523029104266742,0.0330672310795162,1.1066685504379767,E065,Marks & Spencer,MKS,United Kingdom,Retail,Consumer Discretionary,
JD.L,,3823118848.0,GBp,Consumer Cyclical,Apparel Retail,United Kingdom,,,,,,,,,,,,10125000000.0,1197200000.0,188300000.0,8110600000.0,2117100000.0,2497200000.0,0.0232165314526668,0.0889424212365972,0.0185975308641975,1.1795380473288932,10542000000.0,1575000000.0,539000000.0,8048000000.0,2457000000.0,2614000000.0,0.0669731610337972,0.2193732193732193,0.0511288180610889,1.063899063899064,E066,JD Sports,JD,United Kingdom,Retail,Consumer Discretionary,
MELE.BR,,3213180160.0,EUR,Technology,Semiconductors,Belgium,,836157480.0,284051994.0,197152664.0,580232969.0,482082821.0,4248855.0,0.3397819057744717,0.4089601525128812,0.2357841300421064,0.0088135374564612,964297902.0,304317789.0,209463394.0,866081139.0,551066837.0,188175590.0,0.2418519288410459,0.3801052430233612,0.2172185520320669,0.3414750759171523,932808067.0,264282501.0,171446322.0,894255288.0,567500934.0,222179478.0,0.191719662495303,0.3021075591745193,0.1837959255127239,0.3915050437608619,E067,Melexis,MELE,Belgium,Technology,Technology,
SGE.L,,7913577984.0,GBp,Technology,Software - Application,United Kingdom,,1947000000.0,464000000.0,260000000.0,3897000000.0,1397000000.0,1222000000.0,0.0667179881960482,0.1861130994989262,0.1335387776065742,0.8747315676449535,2184000000.0,456000000.0,211000000.0,3936000000.0,1407000000.0,1257000000.0,0.0536077235772357,0.1499644633972992,0.0966117216117216,0.8933901918976546,2332000000.0,565000000.0,323000000.0,3639000000.0,1093000000.0,1246000000.0,0.0887606485298158,0.2955169258920402,0.1385077186963979,1.139981701738335,E068,Sage Group,SGE,United Kingdom,Technology,Technology,
STM,,61824516096.0,USD,Technology,Semiconductors,Netherlands,US8610121027,16128000000.0,5715000000.0,3960000000.0,19982000000.0,12693000000.0,2910000000.0,0.198178360524472,0.3119829827463956,0.2455357142857142,0.2292602221696998,17286000000.0,6379000000.0,4211000000.0,24453000000.0,16729000000.0,3173000000.0,0.1722079090500143,0.2517185725387052,0.243607543676964,0.1896706318369299,13269000000.0,3723000000.0,1557000000.0,24743000000.0,17449000000.0,3167000000.0,0.0629268884128844,0.0892314745830706,0.1173411711508026,0.1815003725141842,E069,STMicroelectronics,STMPA,Netherlands,Technology,Technology,
VOD.L,,25478662144.0,GBp,Communication Services,Telecom Services,United Kingdom,,,,,,,,,,,,37672000000.0,25787000000.0,11838000000.0,155521000000.0,63399000000.0,66390000000.0,0.0761183377164498,0.1867221880471301,0.3142386918666383,1.0471774002744525,36717000000.0,14782000000.0,1140000000.0,144350000000.0,59966000000.0,56987000000.0,0.0078974714236231,0.019010772771237,0.0310482882588446,0.9503218490477936,E070,Vodafone Group,VOD,United Kingdom,Telecommunications,Communication Services,
SCMN.SW,,34681401344.0,CHF,Communication Services,Telecom Services,Switzerland,,11051000000.0,4453000000.0,1602000000.0,24620000000.0,11168000000.0,1911000000.0,0.0650690495532087,0.143445558739255,0.1449642566283594,0.1711138968481375,11072000000.0,4623000000.0,1711000000.0,24811000000.0,11618000000.0,2028000000.0,0.068961347789287,0.147271475296953,0.1545339595375722,0.1745567223274229,11017000000.0,4875000000.0,1542000000.0,37845000000.0,12154000000.0,3965000000.0,0.0407451446690447,0.1268718117492183,0.1399655078515022,0.3262300477209149,E071,Swisscom,SCMN,Switzerland,Telecommunications,Communication Services,
FNTN.DE,,3022663168.0,EUR,Communication Services,Telecom Services,Germany,,2556700000.0,485234000.0,79300000.0,3628700000.0,1474700000.0,928000000.0,0.0218535563700498,0.0537736488777378,0.0310165447647357,0.6292805316335526,2385300000.0,503869000.0,157600000.0,3417400000.0,1440600000.0,778100000.0,0.0461169310001755,0.1093988615854505,0.0660713537081289,0.5401221713175066,2477500000.0,524900000.0,250200000.0,3351400000.0,1495400000.0,697100000.0,0.0746553679059497,0.1673130934866925,0.1009889001009081,0.4661628995586465,E072,Freenet,FNTN,Germany,Telecommunications,Communication Services,
ORA.PA,,47986761728.0,EUR,Communication Services,Telecom Services,France,,39128000000.0,13328000000.0,2146000000.0,109650000000.0,31784000000.0,8410000000.0,0.0195713634290925,0.0675182481751824,0.0548456348395011,0.2645985401459854,39677000000.0,13701000000.0,2440000000.0,110052000000.0,31825000000.0,8568000000.0,0.0221713371860575,0.0766692851531814,0.0614965849232552,0.269222309505106,40259000000.0,13294000000.0,2350000000.0,103874000000.0,31773000000.0,7366000000.0,0.0226235631630629,0.0739621691373178,0.0583720410343028,0.2318320586661631,E073,Orange S.A.,ORAN,France,Telecommunications,Communication Services,
TIT.MI,,15478767616.0,EUR,Communication Services,Telecom Services,Italy,,15788000000.0,5510000000.0,-2925000000.0,62027000000.0,15061000000.0,31189000000.0,-0.0471568832927596,-0.194210211805325,-0.1852672916138839,2.070845229400438,14311000000.0,4812000000.0,-1441000000.0,62159000000.0,13646000000.0,31551000000.0,-0.023182483630689,-0.1055987102447603,-0.1006917755572636,2.3121061116810786,13653000000.0,4825000000.0,-610000000.0,37663000000.0,11957000000.0,14717000000.0,-0.0161962668932373,-0.0510161411725349,-0.04467882516663,1.2308271305511416,E074,Telecom Italia,TIT,Italy,Telecommunications,Communication Services,
CPG.L,,52216610816.0,USD,Consumer Cyclical,Restaurants,United Kingdom,,28489112227.805695,2592964824.120603,1242881072.026801,20928000000.0,6547000000.0,5444000000.0,0.0593884304294151,0.1898397849437606,0.04362652869238,0.8315258897204827,37907000000.0,3310000000.0,1607000000.0,21483000000.0,6263000000.0,5267000000.0,0.074803332867849,0.2565863004949704,0.0423932255256285,0.840970780775986,42002000000.0,3411000000.0,1404000000.0,24349000000.0,6829000000.0,5911000000.0,0.0576615056059797,0.2055937911846536,0.0334269796676348,0.8655732903792649,E075,Compass Group,CPG,United Kingdom,Travel and Leisure,Consumer Discretionary,
FLTR.L,,12348699648.0,GBp,Consumer Cyclical,Gambling,United States,,9463000000.0,999000000.0,-369000000.0,25258000000.0,11035000000.0,7244000000.0,-0.0146092327183466,-0.0334390575441776,-0.0389939765402092,0.6564567285908472,11790000000.0,624000000.0,-1224000000.0,24635000000.0,10044000000.0,7533000000.0,-0.0496854069413436,-0.1218637992831541,-0.1038167938931297,0.75,14048000000.0,1603000000.0,109000000.0,24508000000.0,9293000000.0,7283000000.0,0.004447527338012,0.0117292585817281,0.007759111617312,0.7837081674378564,E076,Flutter Entertainment,FLTR,Ireland,Travel and Leisure,Consumer Discretionary,
AENA.MC,,36150001664.0,EUR,Industrials,Airports & Air Services,Spain,,4190195000.0,2056888000.0,901499000.0,15849198000.0,6717622000.0,7620927000.0,0.0568797865986657,0.1341991258216077,0.2151448798922245,1.13446797095758,5047917000.0,3225579000.0,1630814000.0,17844232000.0,7915311000.0,8585560000.0,0.0913916609019654,0.2060328393919076,0.3230667223728123,1.0846775319377848,5784328000.0,3685904000.0,1934224000.0,17263370000.0,8564392000.0,7011662000.0,0.1120420867999701,0.2258448702488162,0.3343904425890094,0.8186993309040501,E077,Aena,AENA,Spain,Travel and Leisure,Consumer Discretionary,
AF.PA,,2915680256.0,EUR,Industrials,Airlines,France,,26393000000.0,3723000000.0,728000000.0,32305000000.0,-3004000000.0,14600000000.0,0.0225352112676056,-0.2423435419440745,0.027583071268897,-4.860186418109188,30019000000.0,4620000000.0,934000000.0,34490000000.0,-2051000000.0,13525000000.0,0.0270803131342418,-0.4553876157971721,0.0311136280355774,-6.59434422233057,31459000000.0,4261000000.0,317000000.0,36155000000.0,-1764000000.0,14527000000.0,0.0087678052828101,-0.1797052154195011,0.0100766076480498,-8.235260770975056,E078,Air France-KLM,AF,France,Travel and Leisure,Consumer Discretionary,
ENEL.MI,,97367064576.0,EUR,Utilities,Utilities - Diversified,Italy,CL0002266774,102666000000.0,20114000000.0,1682000000.0,219874000000.0,28655000000.0,87905000000.0,0.0076498358150577,0.0586983074507066,0.0163832232676835,3.067701971732682,82499000000.0,19390000000.0,3438000000.0,195224000000.0,31755000000.0,73557000000.0,0.0176105396877433,0.1082664147378365,0.041673232402817,2.3163911195087388,70649000000.0,22017000000.0,7016000000.0,187139000000.0,33731000000.0,70352000000.0,0.0374908490480338,0.2079985769766683,0.0993078458293818,2.085677863093297,E079,Enel,ENEL,Italy,Utilities,Utilities,
ANE.MC,,7816190976.0,EUR,Utilities,Utilities - Renewable,Spain,,4351000000.0,1601000000.0,759000000.0,12259000000.0,5870000000.0,3142000000.0,0.0619136960600375,0.1293015332197615,0.1744426568604918,0.5352640545144804,3547000000.0,1407000000.0,524000000.0,14672000000.0,5850000000.0,5114000000.0,0.0357142857142857,0.0895726495726495,0.1477304764589794,0.8741880341880341,3048000000.0,1183000000.0,357000000.0,16244000000.0,5843000000.0,5442000000.0,0.0219773454814085,0.0610987506417936,0.1171259842519685,0.9313708711278452,E080,Acciona Energía,ANE,Spain,Utilities,Utilities,
ENGI.PA,,69596192768.0,EUR,Utilities,Utilities - Diversified,France,FR0013215407,93864000000.0,7956000000.0,216000000.0,235490000000.0,34252000000.0,40592000000.0,0.0009172364006964,0.0063062010977461,0.0023012017386857,1.1850986803690295,82566000000.0,17436000000.0,2208000000.0,194640000000.0,30057000000.0,47287000000.0,0.0113440197287299,0.0734604251921349,0.0267422425695806,1.5732441694114516,73812000000.0,16144000000.0,4106000000.0,189544000000.0,34556000000.0,52007000000.0,0.0216625163550415,0.1188216228730177,0.0556278111960114,1.5050063664776017,E081,Engie,ENGIE,France,Utilities,Utilities,
SSE.L,,29604419584.0,GBp,Utilities,Utilities - Diversified,United Kingdom,,8697200000.0,4141300000.0,3027000000.0,25755500000.0,9128800000.0,9064700000.0,0.117528294927297,0.3315879414599947,0.3480430483373959,0.9929782665848742,12490700000.0,831800000.0,-123000000.0,27177100000.0,10434100000.0,8905300000.0,-0.0045258692060595,-0.0117882711494043,-0.0098473264108496,0.8534804151771596,10457200000.0,3672400000.0,1710500000.0,28270200000.0,11248200000.0,9139600000.0,0.0605054085220479,0.1520687754485162,0.1635715105381937,0.8125388951121069,E082,SSE,SSE,United Kingdom,Utilities,Utilities,
ENG.MC,,4479968256.0,EUR,Utilities,Utilities - Regulated Gas,Spain,,957100000.0,885632000.0,375774000.0,9398577000.0,3202281000.0,4427174000.0,0.0399820100425841,0.1173457294971927,0.3926172813708076,1.3825064071516522,907570000.0,810839000.0,342528000.0,8507270000.0,2983686000.0,3806161000.0,0.0402629750789618,0.1148002839440879,0.3774122106283812,1.2756573580463897,905546000.0,80654000.0,-299309000.0,7495935000.0,2375762000.0,3313728000.0,-0.0399295084602521,-0.1259844209983996,-0.3305287638618027,1.394806382120768,E083,Enagás,ENG,Spain,Utilities,Utilities,
WKL.AS,,13588933632.0,EUR,Industrials,Specialty Business Services,Netherlands,,5453000000.0,1774000000.0,1027000000.0,9510000000.0,2310000000.0,3615000000.0,0.1079915878023133,0.4445887445887446,0.1883366953970291,1.5649350649350648,5584000000.0,1820000000.0,1007000000.0,9094000000.0,1749000000.0,3739000000.0,0.1107323510006597,0.5757575757575758,0.180336676217765,2.1377930245854775,5916000000.0,1930000000.0,1079000000.0,9498000000.0,1545000000.0,4068000000.0,0.1136028637607917,0.6983818770226538,0.1823867478025693,2.633009708737864,E084,Wolters Kluwer,WKL,Netherlands,Media,Communication Services,
STERV.HE,,7832573440.0,EUR,Consumer Cyclical,Packaging & Containers,Finland,,11680000000.0,2520000000.0,1550000000.0,20922000000.0,12532000000.0,3923000000.0,0.0740846955357996,0.1236833705713373,0.1327054794520548,0.3130386211299074,9396000000.0,226000000.0,-357000000.0,20754000000.0,10985000000.0,5772000000.0,-0.0172015033246603,-0.0324988620846609,-0.0379948914431673,0.5254437869822485,9049000000.0,603000000.0,-136000000.0,19802000000.0,10138000000.0,5730000000.0,-0.0068679931320068,-0.0134148747287433,-0.0150292850038678,0.5652002367330834,E085,Stora Enso,STER,Finland,Basic Resources,Basic Materials,
TUI1.DE,,3402832384.0,EUR,Consumer Cyclical,Travel Services,Germany,,16544900000.0,1221900000.0,-277300000.0,15255500000.0,-141600000.0,5258800000.0,-0.0181770508996755,1.9583333333333333,-0.0167604518612986,-37.13841807909605,20665900000.0,1919300000.0,305800000.0,16152400000.0,1122900000.0,4215100000.0,0.0189321710705529,0.2723305726244545,0.014797323126503,3.753762579036424,23167300000.0,2217900000.0,507100000.0,17416700000.0,956400000.0,4542200000.0,0.0291157337497918,0.5302174822250104,0.0218886102394323,4.74926808866583,E086,TUI Group,TUI,Germany,Travel and Leisure,Consumer Discretionary,
ORK.OL,,102289285120.0,NOK,Consumer Defensive,Packaged Foods,Norway,INE16NZ01023,58391000000.0,10177000000.0,5019000000.0,80671000000.0,41686000000.0,18771000000.0,0.0622156661005813,0.1204001343376673,0.0859550273158534,0.4502950630907259,67797000000.0,11060000000.0,5196000000.0,86592000000.0,45267000000.0,20488000000.0,0.0600055432372505,0.114785605407913,0.0766405593167839,0.4526034418008703,69254000000.0,12070000000.0,6057000000.0,89966000000.0,48044000000.0,18161000000.0,0.0673254340528644,0.1260719340604446,0.0874606520922979,0.3780076596453251,E087,Orkla ASA,ORK,Norway,"Food, Beverage and Tobacco",Consumer Staples,
BARN.SW,,6546344960.0,CHF,Consumer Defensive,Confectioners,Switzerland,,8091855000.0,771143000.0,360705000.0,7760879000.0,2901999000.0,2079056000.0,0.0464773384561207,0.1242953564077727,0.0445763054330558,0.7164220249559011,8470525000.0,892123000.0,444355000.0,8432748000.0,2896053000.0,1797012000.0,0.0526939735421952,0.1534346919755957,0.052458968009657,0.6205038374643006,10386283000.0,701427000.0,189785000.0,15159279000.0,2839422000.0,4796381000.0,0.0125193948867884,0.0668393074365134,0.0182726582743797,1.689210339287362,E088,Barry Callebaut,BARN,Switzerland,"Food, Beverage and Tobacco",Consumer Staples,
ADEN.SW,,2757552128.0,CHF,Industrials,Staffing & Employment Services,Switzerland,,23640000000.0,770000000.0,342000000.0,13256000000.0,3881000000.0,3700000000.0,0.0257996378998189,0.0881216181396547,0.0144670050761421,0.9533625354290132,23957000000.0,841000000.0,325000000.0,12430000000.0,3595000000.0,3671000000.0,0.0261464199517296,0.0904033379694019,0.0135659723671578,1.0211404728789986,23138000000.0,760000000.0,303000000.0,12099000000.0,3576000000.0,3477000000.0,0.025043392015869,0.084731543624161,0.0130953409974933,0.9723154362416108,E089,Adecco,ADEN,Switzerland,Industrial Goods and Services,Industrials,
WIHL.ST,,26254258176.0,SEK,Real Estate,Real Estate Services,Sweden,SE0018012635,3335000000.0,3315000000.0,2288000000.0,56809000000.0,23380000000.0,26950000000.0,0.0402753084898519,0.0978614200171086,0.6860569715142428,1.152694610778443,3881000000.0,958000000.0,-27000000.0,57372000000.0,22391000000.0,28084000000.0,-0.0004706128425015,-0.0012058416327988,-0.0069569698531306,1.2542539413157072,4174000000.0,3392000000.0,1706000000.0,60751000000.0,23156000000.0,30228000000.0,0.0280818422742012,0.073674209708067,0.4087206516530905,1.305406806011401,E090,Wihlborgs Fastigheter,WIHL,Sweden,Real Estate,Real Estate,
P911.DE,,41696468992.0,EUR,Consumer Cyclical,Auto Manufacturers,Germany,,37636000000.0,10375000000.0,4960000000.0,47642000000.0,17027000000.0,9479000000.0,0.1041098190672096,0.2913020496857931,0.1317887129344244,0.5567040582604099,40529000000.0,11087000000.0,5157000000.0,50447000000.0,21667000000.0,10356000000.0,0.1022260986778202,0.2380117228965708,0.1272422216190875,0.4779618775095767,40082000000.0,9538000000.0,3592000000.0,53527000000.0,23043000000.0,11334000000.0,0.067106320174865,0.1558824805797856,0.0896162866124444,0.4918630386668403,E091,Porsche,P911,Germany,Automobiles and Parts,Consumer Discretionary,
EVK.DE,,8019859456.0,EUR,Basic Materials,Specialty Chemicals,Germany,,18488000000.0,2613000000.0,540000000.0,21810000000.0,10974000000.0,4225000000.0,0.0247592847317744,0.0492072170585019,0.0292081350064906,0.3850009112447603,15267000000.0,1734000000.0,-465000000.0,19940000000.0,8910000000.0,4264000000.0,-0.0233199598796389,-0.0521885521885521,-0.030457850265278,0.4785634118967452,15157000000.0,1763000000.0,222000000.0,19750000000.0,9020000000.0,3781000000.0,0.0112405063291139,0.0246119733924611,0.0146466978953618,0.4191796008869179,E092,Evonik Industries,EVK,Germany,Chemicals,Basic Materials,
BNR.DE,,8250180096.0,EUR,Basic Materials,Specialty Chemicals,Germany,,19429300000.0,1742400000.0,886800000.0,11373000000.0,4752500000.0,2927900000.0,0.077974149300976,0.1865965281430825,0.0456424060568316,0.6160757496054708,16815100000.0,1506100000.0,714900000.0,10337800000.0,4304700000.0,2398100000.0,0.0691539786027975,0.1660742908913513,0.0425153582196953,0.557088763444607,16237400000.0,1332100000.0,536200000.0,11668000000.0,4726700000.0,3375900000.0,0.0459547480287967,0.1134406668500222,0.0330225282372793,0.714219222713521,E093,Brenntag,BNR,Germany,Chemicals,Basic Materials,
OR.PA,,196406165504.0,EUR,Consumer Defensive,Household & Personal Products,France,FR0011149590,38260600000.0,9223600000.0,5706600000.0,46844200000.0,27178500000.0,5650900000.0,0.121820844416171,0.2099674374965505,0.1491508235626205,0.2079180234376437,41182500000.0,9944900000.0,6184000000.0,51855100000.0,29074300000.0,8692000000.0,0.119255386644708,0.2126964363716409,0.1501608693012809,0.2989581864395703,43486800000.0,10672500000.0,6408700000.0,56353400000.0,33133300000.0,8495000000.0,0.1137233955715183,0.1934217237643096,0.1473711563049017,0.2563885879160844,E094,L'Oréal,OR,France,"Personal Care, Drug and Grocery Stores",Consumer Staples,
UBSG.SW,,122589913088.0,CHF,Financial Services,Banks - Diversified,Switzerland,,33270000000.0,,7629000000.0,1104364000000.0,56876000000.0,193276000000.0,0.0069080484333064,0.1341339053379281,0.2293056807935076,3.398199592095084,41140000000.0,,27366000000.0,1716924000000.0,85624000000.0,377685000000.0,0.0159389699252849,0.3196066523404653,0.6651920272241127,4.4109712230215825,45346000000.0,,5086000000.0,1565028000000.0,85079000000.0,332423000000.0,0.0032497821125245,0.0597797341294561,0.1121598376924094,3.907227400416084,E095,UBS Group,UBSG,Switzerland,Banks,Financials,
NEM.DE,,7282294784.0,EUR,Technology,Software - Application,Germany,,801813000.0,260996000.0,161899000.0,1198128000.0,653270000.0,149242000.0,0.1351266308775022,0.2478286160393099,0.2019161575080474,0.2284537786826274,851563000.0,266035000.0,161256000.0,1274332000.0,746575000.0,76338000.0,0.1265415919870175,0.215994374309346,0.1893647328500651,0.1022509459866724,995565000.0,311745000.0,175422000.0,2136310000.0,906463000.0,569867000.0,0.0821144871296768,0.1935236187246473,0.1762034623555468,0.6286709992575538,E096,Nemetschek,NEM,Germany,Technology,Technology,
UMG.AS,,37046145024.0,EUR,Communication Services,Entertainment,Netherlands,NL0015000IY2,10340000000.0,1345000000.0,782000000.0,11639000000.0,2351000000.0,2673000000.0,0.0671879027407852,0.3326244151424926,0.0756286266924564,1.136962994470438,11108000000.0,2216000000.0,1259000000.0,13091000000.0,2962000000.0,2514000000.0,0.0961729432434497,0.425050641458474,0.113341735685992,0.8487508440243079,11834000000.0,3415000000.0,2086000000.0,17320000000.0,4526000000.0,3192000000.0,0.1204387990762124,0.4608926204153778,0.1762717593375021,0.7052585064074238,E097,Universal Music Group,UMG,Netherlands,Media,Communication Services,
